"id","source_question_id","destination_question_id","created_at","kind","updated_at","removed_at","created_by","removed_by"
1,40,39,"2013-11-30 16:12:34.276417","assumptive_dependency","2013-11-30 16:12:34.276417",NULL,NULL,NULL
2,42,39,"2013-11-30 16:13:15.161498","assumptive_dependency","2013-11-30 16:13:15.161498",NULL,NULL,NULL
3,41,42,"2013-11-30 16:13:51.201609","assumptive_dependency","2013-11-30 16:13:51.201609",NULL,NULL,NULL
4,53,39,"2013-11-30 16:14:20.314572","assumptive_dependency","2013-11-30 16:14:20.314572",NULL,NULL,NULL
5,54,40,"2013-11-30 16:14:46.093856","assumptive_dependency","2013-11-30 16:14:46.093856",NULL,NULL,NULL
6,55,41,"2013-11-30 16:15:24.673805","assumptive_dependency","2013-11-30 16:15:24.673805",NULL,NULL,NULL
7,43,39,"2013-11-30 16:20:31.474311","assumptive_dependency","2013-11-30 16:20:31.474311",NULL,NULL,NULL
8,45,41,"2013-11-30 16:21:00.222679","assumptive_dependency","2013-11-30 16:21:00.222679",NULL,NULL,NULL
9,44,43,"2013-11-30 16:22:45.254473","assumptive_dependency","2013-11-30 16:22:45.254473",NULL,NULL,NULL
10,44,40,"2013-11-30 16:22:45.268912","assumptive_dependency","2013-11-30 16:22:45.268912",NULL,NULL,NULL
11,46,42,"2013-11-30 16:23:37.063449","assumptive_dependency","2013-11-30 16:23:37.063449",NULL,NULL,NULL
12,46,43,"2013-11-30 16:23:37.076601","assumptive_dependency","2013-11-30 16:23:37.076601",NULL,NULL,NULL
13,45,46,"2013-11-30 16:23:55.666145","assumptive_dependency","2013-11-30 16:23:55.666145",NULL,NULL,NULL
14,61,20,"2013-11-30 16:51:39.952715","assumptive_dependency","2013-11-30 16:51:39.952715",NULL,NULL,NULL
15,20,22,"2013-11-30 16:52:39.836428","assumptive_dependency","2013-11-30 16:52:39.836428",NULL,NULL,NULL
16,19,22,"2013-11-30 16:53:11.41299","assumptive_dependency","2013-11-30 16:53:11.41299",NULL,NULL,NULL
17,19,52,"2013-11-30 16:53:11.424243","assumptive_dependency","2013-11-30 16:53:11.424243",NULL,NULL,NULL
18,52,51,"2013-11-30 16:53:32.148173","assumptive_dependency","2013-11-30 16:53:32.148173",NULL,NULL,NULL
19,71,28,"2013-12-02 10:08:40.856938","assumptive_dependency","2013-12-02 10:08:40.856938",NULL,NULL,NULL
20,78,77,"2013-12-04 09:21:04.067914","assumptive_dependency","2013-12-04 09:21:04.067914",NULL,NULL,NULL
21,80,74,"2013-12-04 12:13:40.83818","assumptive_dependency","2013-12-04 12:13:40.83818",NULL,NULL,NULL
22,81,74,"2013-12-04 12:24:56.869736","assumptive_dependency","2013-12-04 12:24:56.869736",NULL,NULL,NULL
23,82,74,"2013-12-04 12:31:00.137067","assumptive_dependency","2013-12-04 12:31:00.137067",NULL,NULL,NULL
24,83,74,"2013-12-04 12:35:45.789164","assumptive_dependency","2013-12-04 12:35:45.789164",NULL,NULL,NULL
25,86,75,"2013-12-04 16:02:05.410208","assumptive_dependency","2013-12-04 16:02:05.410208",NULL,NULL,NULL
26,87,75,"2013-12-04 16:03:58.288272","assumptive_dependency","2013-12-04 16:03:58.288272",NULL,NULL,NULL
27,88,75,"2013-12-04 16:06:17.970874","assumptive_dependency","2013-12-04 16:06:17.970874",NULL,NULL,NULL
28,89,75,"2013-12-04 16:07:54.880676","assumptive_dependency","2013-12-04 16:07:54.880676",NULL,NULL,NULL
29,109,104,"2013-12-12 14:19:30.457531","assumptive_dependency","2013-12-12 14:19:30.457531",NULL,NULL,NULL
30,110,104,"2013-12-16 06:18:45.628157","assumptive_dependency","2013-12-16 06:18:45.628157",NULL,NULL,NULL
31,111,104,"2013-12-16 06:28:09.303836","assumptive_dependency","2013-12-16 06:28:09.303836",NULL,NULL,NULL
32,112,104,"2013-12-16 06:38:12.026392","assumptive_dependency","2013-12-16 06:38:12.026392",NULL,NULL,NULL
33,113,104,"2013-12-16 07:49:31.882928","assumptive_dependency","2013-12-16 07:49:31.882928",NULL,NULL,NULL
34,114,104,"2013-12-16 07:56:16.872752","assumptive_dependency","2013-12-16 07:56:16.872752",NULL,NULL,NULL
35,115,104,"2013-12-16 08:07:34.723445","assumptive_dependency","2013-12-16 08:07:34.723445",NULL,NULL,NULL
36,116,104,"2013-12-16 08:15:13.191833","assumptive_dependency","2013-12-16 08:15:13.191833",NULL,NULL,NULL
37,117,104,"2013-12-16 08:24:21.299421","assumptive_dependency","2013-12-16 08:24:21.299421",NULL,NULL,NULL
38,118,104,"2013-12-16 08:27:45.663828","assumptive_dependency","2013-12-16 08:27:45.663828",NULL,NULL,NULL
39,119,104,"2013-12-16 08:31:36.213228","assumptive_dependency","2013-12-16 08:31:36.213228",NULL,NULL,NULL
40,120,104,"2013-12-16 08:36:32.172006","assumptive_dependency","2013-12-16 08:36:32.172006",NULL,NULL,NULL
41,121,104,"2013-12-16 08:39:41.026475","assumptive_dependency","2013-12-16 08:39:41.026475",NULL,NULL,NULL
42,122,104,"2013-12-16 08:45:07.222209","assumptive_dependency","2013-12-16 08:45:07.222209",NULL,NULL,NULL
43,122,121,"2013-12-16 10:06:42.911038","assumptive_dependency","2013-12-16 10:06:42.911038",NULL,NULL,NULL
44,116,115,"2013-12-16 10:07:12.300062","assumptive_dependency","2013-12-16 10:07:12.300062",NULL,NULL,NULL
45,120,119,"2013-12-16 10:07:41.398008","assumptive_dependency","2013-12-16 10:07:41.398008",NULL,NULL,NULL
46,110,109,"2013-12-16 10:08:07.518923","assumptive_dependency","2013-12-16 10:08:07.518923",NULL,NULL,NULL
47,114,113,"2013-12-16 10:08:27.452141","assumptive_dependency","2013-12-16 10:08:27.452141",NULL,NULL,NULL
48,118,117,"2013-12-16 10:08:59.305634","assumptive_dependency","2013-12-16 10:08:59.305634",NULL,NULL,NULL
49,112,111,"2013-12-16 10:09:42.965444","assumptive_dependency","2013-12-16 10:09:42.965444",NULL,NULL,NULL
50,128,126,"2013-12-26 10:05:50.124815","assumptive_dependency","2013-12-26 10:05:50.124815",NULL,NULL,NULL
51,124,128,"2013-12-26 10:06:32.323298","assumptive_dependency","2013-12-26 10:06:32.323298",NULL,NULL,NULL
52,153,143,"2014-01-14 10:38:20.307424","assumptive_dependency","2014-01-14 10:38:20.307424",NULL,NULL,NULL
53,85,37,"2014-01-27 11:19:58.726006","assumptive_dependency","2014-01-27 11:19:58.726006",NULL,NULL,NULL
54,85,38,"2014-01-27 11:19:58.740456","assumptive_dependency","2014-01-27 11:19:58.740456",NULL,NULL,NULL
55,9,10,"2014-01-27 11:20:51.146504","assumptive_dependency","2014-01-27 11:20:51.146504",NULL,NULL,NULL
56,13,9,"2014-01-27 11:22:21.188547","assumptive_dependency","2014-01-27 11:22:21.188547",NULL,NULL,NULL
57,138,129,"2014-01-27 11:23:11.750722","assumptive_dependency","2014-01-27 11:23:11.750722",NULL,NULL,NULL
58,137,129,"2014-01-27 11:23:36.856067","assumptive_dependency","2014-01-27 11:23:36.856067",NULL,NULL,NULL
59,137,138,"2014-01-27 11:23:36.868856","assumptive_dependency","2014-01-27 11:23:36.868856",NULL,NULL,NULL
60,152,144,"2014-01-27 11:23:53.632843","assumptive_dependency","2014-01-27 11:23:53.632843",NULL,NULL,NULL
61,90,152,"2014-01-27 11:24:26.920207","assumptive_dependency","2014-01-27 11:24:26.920207",NULL,NULL,NULL
62,90,142,"2014-01-27 11:24:26.937166","assumptive_dependency","2014-01-27 11:24:26.937166",NULL,NULL,NULL
63,148,150,"2014-01-27 11:25:31.858331","assumptive_dependency","2014-01-27 11:25:31.858331",NULL,NULL,NULL
64,18,17,"2014-01-27 11:26:30.212354","assumptive_dependency","2014-01-27 11:26:30.212354",NULL,NULL,NULL
65,132,133,"2014-01-27 11:26:56.249245","assumptive_dependency","2014-01-27 11:26:56.249245",NULL,NULL,NULL
66,134,132,"2014-01-27 11:27:13.297017","assumptive_dependency","2014-01-27 11:27:13.297017",NULL,NULL,NULL
67,102,157,"2014-01-27 11:35:00.918159","assumptive_dependency","2014-01-27 11:35:00.918159",NULL,NULL,NULL
68,103,102,"2014-01-27 11:35:17.470877","assumptive_dependency","2014-01-27 11:35:17.470877",NULL,NULL,NULL
69,155,103,"2014-01-27 11:35:47.573035","assumptive_dependency","2014-01-27 11:35:47.573035",NULL,NULL,NULL
70,155,157,"2014-01-27 11:36:26.091727","assumptive_dependency","2014-01-27 11:36:26.091727",NULL,NULL,NULL
71,178,177,"2014-02-04 09:16:42.76876","assumptive_dependency","2014-02-04 09:16:42.76876",NULL,NULL,NULL
72,177,73,"2014-02-04 09:17:01.63052","assumptive_dependency","2014-02-04 09:17:01.63052",NULL,NULL,NULL
73,176,175,"2014-02-04 09:18:55.206122","assumptive_dependency","2014-02-04 09:18:55.206122",NULL,NULL,NULL
74,175,72,"2014-02-04 09:19:34.356013","assumptive_dependency","2014-02-04 09:19:34.356013",NULL,NULL,NULL
75,72,42,"2014-02-04 09:35:33.965852","assumptive_dependency","2014-02-04 09:35:33.965852",NULL,NULL,NULL
76,73,42,"2014-02-04 09:36:05.516412","assumptive_dependency","2014-02-04 09:36:05.516412",NULL,NULL,NULL
77,176,57,"2014-02-04 09:42:46.874051","assumptive_dependency","2014-02-04 09:42:46.874051",NULL,NULL,NULL
78,178,57,"2014-02-04 09:43:32.361488","assumptive_dependency","2014-02-04 09:43:32.361488",NULL,NULL,NULL
79,175,46,"2014-02-04 09:45:26.218003","assumptive_dependency","2014-02-04 09:45:26.218003",NULL,NULL,NULL
80,177,46,"2014-02-04 09:45:50.691112","assumptive_dependency","2014-02-04 09:45:50.691112",NULL,NULL,NULL
81,30,71,"2014-02-04 11:39:12.282054","assumptive_dependency","2014-02-04 11:39:12.282054",NULL,NULL,NULL
82,212,211,"2014-02-18 09:24:47.10103","assumptive_dependency","2014-02-18 09:24:47.10103",NULL,NULL,NULL
83,257,211,"2014-02-18 09:25:14.586738","assumptive_dependency","2014-02-18 09:25:14.586738",NULL,NULL,NULL
84,240,238,"2014-02-18 22:38:08.867258","assumptive_dependency","2014-02-18 22:38:08.867258",NULL,NULL,NULL
85,187,240,"2014-02-18 22:40:07.13261","assumptive_dependency","2014-02-18 22:40:07.13261",NULL,NULL,NULL
86,187,236,"2014-02-18 22:40:07.146261","assumptive_dependency","2014-02-18 22:40:07.146261",NULL,NULL,NULL
87,236,238,"2014-02-18 22:42:28.971981","assumptive_dependency","2014-02-18 22:42:28.971981",NULL,NULL,NULL
88,242,240,"2014-02-18 22:44:06.704781","assumptive_dependency","2014-02-18 22:44:06.704781",NULL,NULL,NULL
89,242,244,"2014-02-18 22:44:06.719881","assumptive_dependency","2014-02-18 22:44:06.719881",NULL,NULL,NULL
90,242,187,"2014-02-18 22:44:06.723958","assumptive_dependency","2014-02-18 22:44:06.723958",NULL,NULL,NULL
91,244,238,"2014-02-18 22:44:56.615906","assumptive_dependency","2014-02-18 22:44:56.615906",NULL,NULL,NULL
92,244,236,"2014-02-18 22:44:56.629505","assumptive_dependency","2014-02-18 22:44:56.629505",NULL,NULL,NULL
93,263,242,"2014-02-18 22:46:34.878252","assumptive_dependency","2014-02-18 22:46:34.878252",NULL,NULL,NULL
94,289,263,"2014-02-18 22:47:04.333549","assumptive_dependency","2014-02-18 22:47:04.333549",NULL,NULL,NULL
95,239,237,"2014-02-19 10:37:50.277861","assumptive_dependency","2014-02-19 10:37:50.277861",NULL,NULL,NULL
96,186,239,"2014-02-19 10:39:10.142485","assumptive_dependency","2014-02-19 10:39:10.142485",NULL,NULL,NULL
97,186,235,"2014-02-19 10:39:10.158692","assumptive_dependency","2014-02-19 10:39:10.158692",NULL,NULL,NULL
98,235,237,"2014-02-19 10:39:55.059144","assumptive_dependency","2014-02-19 10:39:55.059144",NULL,NULL,NULL
100,241,243,"2014-02-19 10:40:48.626081","assumptive_dependency","2014-02-19 10:40:48.626081",NULL,NULL,NULL
102,243,237,"2014-02-19 10:41:29.691279","assumptive_dependency","2014-02-19 10:41:29.691279",NULL,NULL,NULL
107,266,280,"2014-02-19 10:43:36.843218","assumptive_dependency","2014-02-19 10:43:36.843218",NULL,NULL,NULL
109,267,281,"2014-02-19 10:44:06.252129","assumptive_dependency","2014-02-19 10:44:06.252129",NULL,NULL,NULL
99,241,239,"2014-02-19 10:40:48.607783","assumptive_dependency","2014-02-19 10:40:48.607783",NULL,NULL,NULL
101,241,186,"2014-02-19 10:40:48.631164","assumptive_dependency","2014-02-19 10:40:48.631164",NULL,NULL,NULL
103,243,235,"2014-02-19 10:41:29.705398","assumptive_dependency","2014-02-19 10:41:29.705398",NULL,NULL,NULL
104,262,241,"2014-02-19 10:42:12.543159","assumptive_dependency","2014-02-19 10:42:12.543159",NULL,NULL,NULL
105,288,262,"2014-02-19 10:42:50.515804","assumptive_dependency","2014-02-19 10:42:50.515804",NULL,NULL,NULL
106,266,258,"2014-02-19 10:43:36.827882","assumptive_dependency","2014-02-19 10:43:36.827882",NULL,NULL,NULL
108,267,259,"2014-02-19 10:44:06.235613","assumptive_dependency","2014-02-19 10:44:06.235613",NULL,NULL,NULL
110,258,278,"2014-02-19 10:44:25.49113","assumptive_dependency","2014-02-19 10:44:25.49113",NULL,NULL,NULL
111,259,279,"2014-02-19 10:44:41.891691","assumptive_dependency","2014-02-19 10:44:41.891691",NULL,NULL,NULL
112,251,249,"2014-02-19 10:45:05.708842","assumptive_dependency","2014-02-19 10:45:05.708842",NULL,NULL,NULL
113,252,250,"2014-02-19 10:45:21.969052","assumptive_dependency","2014-02-19 10:45:21.969052",NULL,NULL,NULL
114,218,249,"2014-02-19 10:45:43.780932","assumptive_dependency","2014-02-19 10:45:43.780932",NULL,NULL,NULL
115,218,221,"2014-02-19 10:45:43.79831","assumptive_dependency","2014-02-19 10:45:43.79831",NULL,NULL,NULL
116,219,250,"2014-02-19 10:46:09.965776","assumptive_dependency","2014-02-19 10:46:09.965776",NULL,NULL,NULL
117,219,222,"2014-02-19 10:46:09.979967","assumptive_dependency","2014-02-19 10:46:09.979967",NULL,NULL,NULL
118,221,249,"2014-02-19 10:46:30.413477","assumptive_dependency","2014-02-19 10:46:30.413477",NULL,NULL,NULL
119,260,264,"2014-02-19 10:47:24.933016","assumptive_dependency","2014-02-19 10:47:24.933016",NULL,NULL,NULL
120,261,265,"2014-02-19 10:47:44.259417","assumptive_dependency","2014-02-19 10:47:44.259417",NULL,NULL,NULL
121,245,247,"2014-02-19 10:48:03.155037","assumptive_dependency","2014-02-19 10:48:03.155037",NULL,NULL,NULL
122,246,248,"2014-02-19 10:48:19.603066","assumptive_dependency","2014-02-19 10:48:19.603066",NULL,NULL,NULL
123,280,251,"2014-02-19 10:48:47.193212","assumptive_dependency","2014-02-19 10:48:47.193212",NULL,NULL,NULL
124,280,276,"2014-02-19 10:48:47.209107","assumptive_dependency","2014-02-19 10:48:47.209107",NULL,NULL,NULL
125,280,278,"2014-02-19 10:48:47.215967","assumptive_dependency","2014-02-19 10:48:47.215967",NULL,NULL,NULL
126,281,252,"2014-02-19 10:49:11.775855","assumptive_dependency","2014-02-19 10:49:11.775855",NULL,NULL,NULL
127,281,277,"2014-02-19 10:49:11.790458","assumptive_dependency","2014-02-19 10:49:11.790458",NULL,NULL,NULL
128,281,279,"2014-02-19 10:49:11.797955","assumptive_dependency","2014-02-19 10:49:11.797955",NULL,NULL,NULL
129,278,249,"2014-02-19 10:49:32.924596","assumptive_dependency","2014-02-19 10:49:32.924596",NULL,NULL,NULL
130,278,272,"2014-02-19 10:49:32.93848","assumptive_dependency","2014-02-19 10:49:32.93848",NULL,NULL,NULL
131,279,250,"2014-02-19 10:49:54.667079","assumptive_dependency","2014-02-19 10:49:54.667079",NULL,NULL,NULL
132,279,273,"2014-02-19 10:49:54.681614","assumptive_dependency","2014-02-19 10:49:54.681614",NULL,NULL,NULL
133,276,272,"2014-02-19 10:50:24.516046","assumptive_dependency","2014-02-19 10:50:24.516046",NULL,NULL,NULL
134,276,268,"2014-02-19 10:50:24.533689","assumptive_dependency","2014-02-19 10:50:24.533689",NULL,NULL,NULL
135,276,274,"2014-02-19 10:50:24.538291","assumptive_dependency","2014-02-19 10:50:24.538291",NULL,NULL,NULL
136,277,273,"2014-02-19 10:50:49.194919","assumptive_dependency","2014-02-19 10:50:49.194919",NULL,NULL,NULL
137,277,269,"2014-02-19 10:50:49.21112","assumptive_dependency","2014-02-19 10:50:49.21112",NULL,NULL,NULL
138,277,275,"2014-02-19 10:50:49.215802","assumptive_dependency","2014-02-19 10:50:49.215802",NULL,NULL,NULL
139,272,233,"2014-02-19 10:51:18.566362","assumptive_dependency","2014-02-19 10:51:18.566362",NULL,NULL,NULL
140,272,270,"2014-02-19 10:51:18.581316","assumptive_dependency","2014-02-19 10:51:18.581316",NULL,NULL,NULL
141,273,234,"2014-02-19 10:51:44.182948","assumptive_dependency","2014-02-19 10:51:44.182948",NULL,NULL,NULL
142,273,271,"2014-02-19 10:51:44.197342","assumptive_dependency","2014-02-19 10:51:44.197342",NULL,NULL,NULL
143,268,233,"2014-02-19 10:52:06.137418","assumptive_dependency","2014-02-19 10:52:06.137418",NULL,NULL,NULL
144,269,234,"2014-02-19 10:52:21.56697","assumptive_dependency","2014-02-19 10:52:21.56697",NULL,NULL,NULL
145,274,270,"2014-02-19 10:52:40.648009","assumptive_dependency","2014-02-19 10:52:40.648009",NULL,NULL,NULL
146,275,271,"2014-02-19 10:52:57.069844","assumptive_dependency","2014-02-19 10:52:57.069844",NULL,NULL,NULL
147,214,296,"2014-02-19 10:53:18.983447","assumptive_dependency","2014-02-19 10:53:18.983447",NULL,NULL,NULL
148,215,297,"2014-02-19 10:53:33.992468","assumptive_dependency","2014-02-19 10:53:33.992468",NULL,NULL,NULL
149,290,296,"2014-02-19 10:53:50.899102","assumptive_dependency","2014-02-19 10:53:50.899102",NULL,NULL,NULL
150,291,297,"2014-02-19 10:54:06.918657","assumptive_dependency","2014-02-19 10:54:06.918657",NULL,NULL,NULL
151,300,296,"2014-02-19 10:54:29.760353","assumptive_dependency","2014-02-19 10:54:29.760353",NULL,NULL,NULL
152,300,294,"2014-02-19 10:54:29.775209","assumptive_dependency","2014-02-19 10:54:29.775209",NULL,NULL,NULL
153,301,297,"2014-02-19 10:54:51.03425","assumptive_dependency","2014-02-19 10:54:51.03425",NULL,NULL,NULL
154,301,295,"2014-02-19 10:54:51.047936","assumptive_dependency","2014-02-19 10:54:51.047936",NULL,NULL,NULL
155,298,296,"2014-02-19 10:55:15.209825","assumptive_dependency","2014-02-19 10:55:15.209825",NULL,NULL,NULL
156,298,294,"2014-02-19 10:55:15.225794","assumptive_dependency","2014-02-19 10:55:15.225794",NULL,NULL,NULL
157,299,297,"2014-02-19 10:55:35.363733","assumptive_dependency","2014-02-19 10:55:35.363733",NULL,NULL,NULL
158,299,295,"2014-02-19 10:55:35.37882","assumptive_dependency","2014-02-19 10:55:35.37882",NULL,NULL,NULL
159,294,292,"2014-02-19 10:55:49.36274","assumptive_dependency","2014-02-19 10:55:49.36274",NULL,NULL,NULL
160,295,293,"2014-02-19 10:56:01.844806","assumptive_dependency","2014-02-19 10:56:01.844806",NULL,NULL,NULL
161,303,61,"2014-02-22 21:34:59.352837","assumptive_dependency","2014-02-22 21:34:59.352837",NULL,NULL,NULL
162,305,22,"2014-02-22 21:40:17.29717","assumptive_dependency","2014-02-22 21:40:17.29717",NULL,NULL,NULL
163,306,305,"2014-02-22 21:45:51.482171","assumptive_dependency","2014-02-22 21:45:51.482171",NULL,NULL,NULL
164,4,2,"2014-02-22 21:59:36.325593","assumptive_dependency","2014-02-22 21:59:36.325593",NULL,NULL,NULL
165,95,4,"2014-02-22 22:01:14.625412","assumptive_dependency","2014-02-22 22:01:14.625412",NULL,NULL,NULL
166,211,307,"2014-02-23 12:52:03.708454","assumptive_dependency","2014-02-23 12:52:03.708454",NULL,NULL,NULL
167,212,307,"2014-02-23 12:52:34.601787","assumptive_dependency","2014-02-23 12:52:34.601787",NULL,NULL,NULL
168,257,307,"2014-02-23 12:53:02.655126","assumptive_dependency","2014-02-23 12:53:02.655126",NULL,NULL,NULL
170,283,282,"2014-02-25 09:43:50.854586","assumptive_dependency","2014-02-25 09:43:50.854586",NULL,NULL,NULL
171,283,284,"2014-02-25 09:43:50.868808","assumptive_dependency","2014-02-25 09:43:50.868808",NULL,NULL,NULL
172,285,284,"2014-02-25 09:44:18.035378","assumptive_dependency","2014-02-25 09:44:18.035378",NULL,NULL,NULL
173,285,286,"2014-02-25 09:44:18.048349","assumptive_dependency","2014-02-25 09:44:18.048349",NULL,NULL,NULL
174,284,282,"2014-02-25 09:45:15.584888","assumptive_dependency","2014-02-25 09:45:15.584888",NULL,NULL,NULL
175,2,37,"2014-02-25 11:37:07.577211","assumptive_dependency","2014-02-25 11:37:07.577211",NULL,NULL,NULL
176,4,211,"2014-02-25 11:38:02.716709","assumptive_dependency","2014-02-25 11:38:02.716709",NULL,NULL,NULL
177,95,2,"2014-02-25 11:38:51.873909","assumptive_dependency","2014-02-25 11:38:51.873909",NULL,NULL,NULL
178,6,93,"2014-03-04 10:17:58.812343","assumptive_dependency","2014-03-04 10:17:58.812343",NULL,NULL,NULL
179,95,96,"2014-03-04 10:18:25.336177","assumptive_dependency","2014-03-04 10:18:25.336177",NULL,NULL,NULL
180,95,97,"2014-03-04 10:18:25.352752","assumptive_dependency","2014-03-04 10:18:25.352752",NULL,NULL,NULL
181,3,6,"2014-03-04 10:19:04.604232","assumptive_dependency","2014-03-04 10:19:04.604232",NULL,NULL,NULL
182,97,98,"2014-03-04 10:29:03.77107","assumptive_dependency","2014-03-04 10:29:03.77107",NULL,NULL,NULL
183,93,98,"2014-03-04 10:32:17.357242","assumptive_dependency","2014-03-04 10:32:17.357242",NULL,NULL,NULL
184,3,97,"2014-03-04 10:42:54.451618","assumptive_dependency","2014-03-04 10:42:54.451618",NULL,NULL,NULL
185,310,312,"2014-03-09 11:20:54.433779","assumptive_dependency","2014-03-09 11:20:54.433779",NULL,NULL,NULL
186,311,310,"2014-03-09 11:21:47.719289","assumptive_dependency","2014-03-09 11:21:47.719289",NULL,NULL,NULL
187,311,312,"2014-03-09 11:21:47.73424","assumptive_dependency","2014-03-09 11:21:47.73424",NULL,NULL,NULL
188,315,312,"2014-03-09 11:22:48.299487","assumptive_dependency","2014-03-09 11:22:48.299487",NULL,NULL,NULL
189,316,318,"2014-03-09 11:24:08.125491","assumptive_dependency","2014-03-09 11:24:08.125491",NULL,NULL,NULL
190,314,313,"2014-03-09 11:25:09.490099","assumptive_dependency","2014-03-09 11:25:09.490099",NULL,NULL,NULL
191,314,316,"2014-03-09 11:25:09.503654","assumptive_dependency","2014-03-09 11:25:09.503654",NULL,NULL,NULL
192,157,341,"2014-03-11 09:24:09.223222","assumptive_dependency","2014-03-11 09:24:09.223222",NULL,NULL,NULL
193,338,341,"2014-03-11 09:24:38.667277","assumptive_dependency","2014-03-11 09:24:38.667277",NULL,NULL,NULL
194,340,341,"2014-03-11 09:25:19.951373","assumptive_dependency","2014-03-11 09:25:19.951373",NULL,NULL,NULL
195,339,340,"2014-03-11 09:25:49.795875","assumptive_dependency","2014-03-11 09:25:49.795875",NULL,NULL,NULL
196,339,341,"2014-03-11 09:25:49.809494","assumptive_dependency","2014-03-11 09:25:49.809494",NULL,NULL,NULL
197,342,353,"2014-03-11 09:40:23.471521","assumptive_dependency","2014-03-11 09:40:23.471521",NULL,NULL,NULL
198,341,342,"2014-03-11 09:40:46.014329","assumptive_dependency","2014-03-11 09:40:46.014329",NULL,NULL,NULL
199,337,341,"2014-03-11 09:41:09.904581","assumptive_dependency","2014-03-11 09:41:09.904581",NULL,NULL,NULL
200,324,325,"2014-03-11 09:41:45.629697","assumptive_dependency","2014-03-11 09:41:45.629697",NULL,NULL,NULL
201,155,341,"2014-03-11 09:43:02.114505","assumptive_dependency","2014-03-11 09:43:02.114505",NULL,NULL,NULL
202,364,365,"2014-03-14 17:24:38.966796","assumptive_dependency","2014-03-14 17:24:38.966796",NULL,NULL,NULL
203,366,365,"2014-03-15 18:47:47.872133","assumptive_dependency","2014-03-15 18:47:47.872133",NULL,NULL,NULL
204,383,364,"2014-03-20 23:16:37.080736","assumptive_dependency","2014-03-20 23:16:37.080736",NULL,NULL,NULL
205,383,365,"2014-03-20 23:16:37.104966","assumptive_dependency","2014-03-20 23:16:37.104966",NULL,NULL,NULL
206,184,180,"2014-03-25 09:49:41.446585","assumptive_dependency","2014-03-25 09:49:41.446585",NULL,NULL,NULL
207,24,8,"2014-03-25 21:35:48.080245","assumptive_dependency","2014-03-25 21:35:48.080245",NULL,NULL,NULL
208,169,168,"2014-03-28 10:32:11.361611","assumptive_dependency","2014-03-28 10:32:11.361611",NULL,NULL,NULL
209,373,375,"2014-04-02 10:17:37.156527","assumptive_dependency","2014-04-02 10:17:37.156527",NULL,NULL,NULL
210,400,399,"2014-04-02 10:18:23.00542","assumptive_dependency","2014-04-02 10:18:23.00542",NULL,NULL,NULL
211,401,399,"2014-04-02 10:18:46.192589","assumptive_dependency","2014-04-02 10:18:46.192589",NULL,NULL,NULL
212,394,96,"2014-04-02 10:19:35.991248","assumptive_dependency","2014-04-02 10:19:35.991248",NULL,NULL,NULL
213,393,96,"2014-04-02 10:19:58.618469","assumptive_dependency","2014-04-02 10:19:58.618469",NULL,NULL,NULL
214,128,434,"2014-04-09 11:11:14.862428","assumptive_dependency","2014-04-09 11:11:14.862428",NULL,NULL,NULL
215,546,335,"2014-04-27 13:30:44.087372","assumptive_dependency","2014-04-27 13:30:44.087372",NULL,NULL,NULL
216,334,335,"2014-04-27 13:31:03.128648","assumptive_dependency","2014-04-27 13:31:03.128648",NULL,NULL,NULL
217,543,335,"2014-04-27 13:32:23.039178","assumptive_dependency","2014-04-27 13:32:23.039178",NULL,NULL,NULL
218,545,335,"2014-04-27 13:32:59.811168","assumptive_dependency","2014-04-27 13:32:59.811168",NULL,NULL,NULL
220,542,335,"2014-04-27 13:35:29.880781","assumptive_dependency","2014-04-27 13:35:29.880781",NULL,NULL,NULL
221,544,335,"2014-04-27 13:37:29.156987","assumptive_dependency","2014-04-27 13:37:29.156987",NULL,NULL,NULL
222,457,546,"2014-04-27 13:41:51.305216","assumptive_dependency","2014-04-27 13:41:51.305216",NULL,NULL,NULL
223,471,546,"2014-04-27 13:43:19.497064","assumptive_dependency","2014-04-27 13:43:19.497064",NULL,NULL,NULL
224,519,546,"2014-04-27 13:44:06.358206","assumptive_dependency","2014-04-27 13:44:06.358206",NULL,NULL,NULL
225,487,546,"2014-04-27 13:44:27.21452","assumptive_dependency","2014-04-27 13:44:27.21452",NULL,NULL,NULL
226,488,546,"2014-04-27 13:45:49.893352","assumptive_dependency","2014-04-27 13:45:49.893352",NULL,NULL,NULL
227,494,546,"2014-04-27 13:46:17.78362","assumptive_dependency","2014-04-27 13:46:17.78362",NULL,NULL,NULL
228,513,546,"2014-04-27 13:46:35.780446","assumptive_dependency","2014-04-27 13:46:35.780446",NULL,NULL,NULL
229,526,546,"2014-04-27 13:47:19.279819","assumptive_dependency","2014-04-27 13:47:19.279819",NULL,NULL,NULL
230,517,546,"2014-04-27 13:47:39.786613","assumptive_dependency","2014-04-27 13:47:39.786613",NULL,NULL,NULL
231,476,545,"2014-04-27 13:48:12.941777","assumptive_dependency","2014-04-27 13:48:12.941777",NULL,NULL,NULL
232,479,545,"2014-04-27 13:48:26.209433","assumptive_dependency","2014-04-27 13:48:26.209433",NULL,NULL,NULL
233,480,545,"2014-04-27 13:49:09.123038","assumptive_dependency","2014-04-27 13:49:09.123038",NULL,NULL,NULL
234,481,545,"2014-04-27 13:49:21.825464","assumptive_dependency","2014-04-27 13:49:21.825464",NULL,NULL,NULL
235,486,545,"2014-04-27 13:49:38.333672","assumptive_dependency","2014-04-27 13:49:38.333672",NULL,NULL,NULL
236,490,545,"2014-04-27 13:50:22.237937","assumptive_dependency","2014-04-27 13:50:22.237937",NULL,NULL,NULL
237,492,545,"2014-04-27 13:50:53.49228","assumptive_dependency","2014-04-27 13:50:53.49228",NULL,NULL,NULL
238,495,545,"2014-04-27 13:51:28.653007","assumptive_dependency","2014-04-27 13:51:28.653007",NULL,NULL,NULL
239,497,545,"2014-04-27 13:51:50.059787","assumptive_dependency","2014-04-27 13:51:50.059787",NULL,NULL,NULL
240,504,545,"2014-04-27 13:52:14.844483","assumptive_dependency","2014-04-27 13:52:14.844483",NULL,NULL,NULL
241,512,545,"2014-04-27 13:52:36.923067","assumptive_dependency","2014-04-27 13:52:36.923067",NULL,NULL,NULL
242,518,545,"2014-04-27 13:52:49.030147","assumptive_dependency","2014-04-27 13:52:49.030147",NULL,NULL,NULL
243,524,545,"2014-04-27 13:53:13.375731","assumptive_dependency","2014-04-27 13:53:13.375731",NULL,NULL,NULL
244,458,544,"2014-04-27 13:57:50.426489","assumptive_dependency","2014-04-27 13:57:50.426489",NULL,NULL,NULL
245,470,544,"2014-04-27 13:58:40.016326","assumptive_dependency","2014-04-27 13:58:40.016326",NULL,NULL,NULL
246,472,544,"2014-04-27 13:59:36.864475","assumptive_dependency","2014-04-27 13:59:36.864475",NULL,NULL,NULL
247,473,544,"2014-04-27 14:00:07.983487","assumptive_dependency","2014-04-27 14:00:07.983487",NULL,NULL,NULL
248,477,544,"2014-04-27 14:00:30.229134","assumptive_dependency","2014-04-27 14:00:30.229134",NULL,NULL,NULL
249,499,544,"2014-04-27 14:01:02.629494","assumptive_dependency","2014-04-27 14:01:02.629494",NULL,NULL,NULL
250,502,544,"2014-04-27 14:01:26.286272","assumptive_dependency","2014-04-27 14:01:26.286272",NULL,NULL,NULL
251,520,544,"2014-04-27 14:01:40.082127","assumptive_dependency","2014-04-27 14:01:40.082127",NULL,NULL,NULL
252,522,544,"2014-04-27 14:02:06.359148","assumptive_dependency","2014-04-27 14:02:06.359148",NULL,NULL,NULL
253,528,544,"2014-04-27 14:02:19.815842","assumptive_dependency","2014-04-27 14:02:19.815842",NULL,NULL,NULL
255,475,543,"2014-04-27 14:03:51.299628","assumptive_dependency","2014-04-27 14:03:51.299628",NULL,NULL,NULL
256,489,543,"2014-04-27 14:05:55.83737","assumptive_dependency","2014-04-27 14:05:55.83737",NULL,NULL,NULL
257,493,543,"2014-04-27 14:06:17.239632","assumptive_dependency","2014-04-27 14:06:17.239632",NULL,NULL,NULL
258,498,543,"2014-04-27 14:06:49.819603","assumptive_dependency","2014-04-27 14:06:49.819603",NULL,NULL,NULL
259,500,543,"2014-04-27 14:07:18.723718","assumptive_dependency","2014-04-27 14:07:18.723718",NULL,NULL,NULL
260,501,543,"2014-04-27 14:07:33.208587","assumptive_dependency","2014-04-27 14:07:33.208587",NULL,NULL,NULL
261,503,543,"2014-04-27 14:07:55.190242","assumptive_dependency","2014-04-27 14:07:55.190242",NULL,NULL,NULL
262,505,543,"2014-04-27 14:08:11.758464","assumptive_dependency","2014-04-27 14:08:11.758464",NULL,NULL,NULL
263,514,543,"2014-04-27 14:08:57.140541","assumptive_dependency","2014-04-27 14:08:57.140541",NULL,NULL,NULL
264,515,543,"2014-04-27 14:09:17.736929","assumptive_dependency","2014-04-27 14:09:17.736929",NULL,NULL,NULL
265,525,543,"2014-04-27 14:09:49.556555","assumptive_dependency","2014-04-27 14:09:49.556555",NULL,NULL,NULL
266,527,543,"2014-04-27 14:10:02.252397","assumptive_dependency","2014-04-27 14:10:02.252397",NULL,NULL,NULL
267,485,542,"2014-04-27 14:10:32.654281","assumptive_dependency","2014-04-27 14:10:32.654281",NULL,NULL,NULL
268,474,542,"2014-04-27 14:11:53.146534","assumptive_dependency","2014-04-27 14:11:53.146534",NULL,NULL,NULL
269,478,542,"2014-04-27 14:12:24.994895","assumptive_dependency","2014-04-27 14:12:24.994895",NULL,NULL,NULL
270,482,542,"2014-04-27 14:12:44.77747","assumptive_dependency","2014-04-27 14:12:44.77747",NULL,NULL,NULL
271,491,542,"2014-04-27 14:13:06.98866","assumptive_dependency","2014-04-27 14:13:06.98866",NULL,NULL,NULL
272,516,542,"2014-04-27 14:13:37.824222","assumptive_dependency","2014-04-27 14:13:37.824222",NULL,NULL,NULL
273,523,542,"2014-04-27 14:13:54.212297","assumptive_dependency","2014-04-27 14:13:54.212297",NULL,NULL,NULL
274,521,335,"2014-05-03 08:16:46.588579","assumptive_dependency","2014-05-03 08:16:46.588579",NULL,NULL,NULL
275,569,617,"2014-05-08 14:41:10.827345","assumptive_dependency","2014-05-08 14:41:10.827345",NULL,NULL,NULL
276,570,617,"2014-05-08 14:41:11.294945","assumptive_dependency","2014-05-08 14:41:11.294945",NULL,NULL,NULL
277,571,617,"2014-05-08 14:41:11.587938","assumptive_dependency","2014-05-08 14:41:11.587938",NULL,NULL,NULL
278,572,617,"2014-05-08 14:41:11.887948","assumptive_dependency","2014-05-08 14:41:11.887948",NULL,NULL,NULL
279,573,617,"2014-05-08 14:41:12.158023","assumptive_dependency","2014-05-08 14:41:12.158023",NULL,NULL,NULL
280,574,617,"2014-05-08 14:41:12.443707","assumptive_dependency","2014-05-08 14:41:12.443707",NULL,NULL,NULL
281,575,617,"2014-05-08 14:41:12.728285","assumptive_dependency","2014-05-08 14:41:12.728285",NULL,NULL,NULL
282,591,617,"2014-05-08 14:41:13.01988","assumptive_dependency","2014-05-08 14:41:13.01988",NULL,NULL,NULL
283,592,617,"2014-05-08 14:41:13.300704","assumptive_dependency","2014-05-08 14:41:13.300704",NULL,NULL,NULL
284,594,617,"2014-05-08 14:41:13.56765","assumptive_dependency","2014-05-08 14:41:13.56765",NULL,NULL,NULL
285,595,617,"2014-05-08 14:41:13.842614","assumptive_dependency","2014-05-08 14:41:13.842614",NULL,NULL,NULL
286,597,617,"2014-05-08 14:41:14.137658","assumptive_dependency","2014-05-08 14:41:14.137658",NULL,NULL,NULL
287,599,617,"2014-05-08 14:41:14.402657","assumptive_dependency","2014-05-08 14:41:14.402657",NULL,NULL,NULL
288,600,617,"2014-05-08 14:41:14.672856","assumptive_dependency","2014-05-08 14:41:14.672856",NULL,NULL,NULL
289,601,617,"2014-05-08 14:41:14.942713","assumptive_dependency","2014-05-08 14:41:14.942713",NULL,NULL,NULL
290,602,617,"2014-05-08 14:41:15.215176","assumptive_dependency","2014-05-08 14:41:15.215176",NULL,NULL,NULL
291,603,617,"2014-05-08 14:41:15.492644","assumptive_dependency","2014-05-08 14:41:15.492644",NULL,NULL,NULL
292,604,617,"2014-05-08 14:41:15.760165","assumptive_dependency","2014-05-08 14:41:15.760165",NULL,NULL,NULL
293,605,617,"2014-05-08 14:41:16.040281","assumptive_dependency","2014-05-08 14:41:16.040281",NULL,NULL,NULL
294,606,617,"2014-05-08 14:41:16.312083","assumptive_dependency","2014-05-08 14:41:16.312083",NULL,NULL,NULL
315,389,586,"2014-05-13 11:32:42.103587","assumptive_dependency","2014-05-13 11:32:42.103587",NULL,NULL,NULL
316,389,615,"2014-05-13 11:32:42.127095","assumptive_dependency","2014-05-13 11:32:42.127095",NULL,NULL,NULL
317,406,387,"2014-05-27 09:46:41.833065","assumptive_dependency","2014-05-27 09:46:41.833065",NULL,NULL,NULL
318,171,170,"2014-05-27 09:47:20.198812","assumptive_dependency","2014-05-27 09:47:20.198812",NULL,NULL,NULL
319,431,395,"2014-05-27 09:47:38.852735","assumptive_dependency","2014-05-27 09:47:38.852735",NULL,NULL,NULL
320,386,374,"2014-05-27 09:47:57.181974","assumptive_dependency","2014-05-27 09:47:57.181974",NULL,NULL,NULL
321,410,375,"2014-05-27 09:48:46.658296","assumptive_dependency","2014-05-27 09:48:46.658296",NULL,NULL,NULL
322,408,410,"2014-05-27 09:49:23.693065","assumptive_dependency","2014-05-27 09:49:23.693065",NULL,NULL,NULL
323,374,410,"2014-05-27 09:49:55.139264","assumptive_dependency","2014-05-27 09:49:55.139264",NULL,NULL,NULL
324,372,410,"2014-05-27 09:50:15.725402","assumptive_dependency","2014-05-27 09:50:15.725402",NULL,NULL,NULL
325,399,398,"2014-06-16 16:06:20.444781","assumptive_dependency","2014-06-16 16:06:20.444781",NULL,NULL,NULL
326,398,535,"2014-06-16 16:07:07.228417","assumptive_dependency","2014-06-16 16:07:07.228417",NULL,NULL,NULL
327,560,559,"2014-06-16 16:08:13.224481","assumptive_dependency","2014-06-16 16:08:13.224481",NULL,NULL,NULL
328,401,607,"2014-06-16 16:08:57.664643","assumptive_dependency","2014-06-16 16:08:57.664643",NULL,NULL,NULL
329,400,607,"2014-06-16 16:09:33.464905","assumptive_dependency","2014-06-16 16:09:33.464905",NULL,NULL,NULL
330,727,726,"2014-06-22 17:37:40.493287","assumptive_dependency","2014-06-22 17:37:40.493287",NULL,NULL,NULL
331,726,365,"2014-06-22 17:38:39.77404","assumptive_dependency","2014-06-22 17:38:39.77404",NULL,NULL,NULL
332,330,354,"2014-06-23 15:10:55.975926","assumptive_dependency","2014-06-23 15:10:55.975926",NULL,NULL,NULL
333,727,735,"2014-06-26 13:30:13.777701","assumptive_dependency","2014-06-26 13:30:13.777701",NULL,NULL,NULL
334,741,697,"2014-07-01 06:16:59.19208","assumptive_dependency","2014-07-01 06:16:59.19208",NULL,NULL,NULL
335,355,358,"2014-07-01 06:18:49.690033","assumptive_dependency","2014-07-01 06:18:49.690033",NULL,NULL,NULL
336,127,143,"2014-07-07 03:06:14.104002","assumptive_dependency","2014-07-07 03:06:14.104002",NULL,NULL,NULL
337,326,321,"2014-07-07 21:38:10.28674","assumptive_dependency","2014-07-07 21:38:10.28674",NULL,NULL,NULL
338,687,401,"2014-07-07 21:41:10.603293","assumptive_dependency","2014-07-07 21:41:10.603293",NULL,NULL,NULL
339,729,338,"2014-07-07 21:42:57.05394","assumptive_dependency","2014-07-07 21:42:57.05394",NULL,NULL,NULL
340,729,341,"2014-07-07 21:42:57.075402","assumptive_dependency","2014-07-07 21:42:57.075402",NULL,NULL,NULL
341,729,342,"2014-07-07 21:46:06.736974","assumptive_dependency","2014-07-07 21:46:06.736974",NULL,NULL,NULL
342,377,127,"2014-07-14 22:47:01.802653","assumptive_dependency","2014-07-14 22:47:01.802653",NULL,NULL,NULL
343,738,747,"2014-07-14 22:49:04.977281","assumptive_dependency","2014-07-14 22:49:04.977281",NULL,NULL,NULL
344,164,74,"2014-07-24 11:10:40.107738","assumptive_dependency","2014-07-24 11:10:40.107738",NULL,NULL,NULL
345,764,767,"2014-07-25 10:50:48.350346","assumptive_dependency","2014-07-25 10:50:48.350346",NULL,NULL,NULL
346,765,767,"2014-07-25 10:51:47.679863","assumptive_dependency","2014-07-25 10:51:47.679863",NULL,NULL,NULL
347,766,767,"2014-07-25 10:52:34.269921","assumptive_dependency","2014-07-25 10:52:34.269921",NULL,NULL,NULL
348,768,764,"2014-07-25 10:55:22.245516","assumptive_dependency","2014-07-25 10:55:22.245516",NULL,NULL,NULL
349,769,766,"2014-07-25 10:56:33.290622","assumptive_dependency","2014-07-25 10:56:33.290622",NULL,NULL,NULL
350,770,765,"2014-07-25 10:57:08.23473","assumptive_dependency","2014-07-25 10:57:08.23473",NULL,NULL,NULL
351,772,768,"2014-07-25 10:58:13.345089","assumptive_dependency","2014-07-25 10:58:13.345089",NULL,NULL,NULL
352,772,769,"2014-07-25 10:58:13.364966","assumptive_dependency","2014-07-25 10:58:13.364966",NULL,NULL,NULL
353,772,770,"2014-07-25 10:58:13.369051","assumptive_dependency","2014-07-25 10:58:13.369051",NULL,NULL,NULL
354,771,768,"2014-07-25 10:59:57.528207","assumptive_dependency","2014-07-25 10:59:57.528207",NULL,NULL,NULL
355,771,769,"2014-07-25 10:59:57.551215","assumptive_dependency","2014-07-25 10:59:57.551215",NULL,NULL,NULL
356,771,770,"2014-07-25 10:59:57.556729","assumptive_dependency","2014-07-25 10:59:57.556729",NULL,NULL,NULL
357,771,764,"2014-07-25 10:59:57.560484","assumptive_dependency","2014-07-25 10:59:57.560484",NULL,NULL,NULL
358,771,765,"2014-07-25 10:59:57.56413","assumptive_dependency","2014-07-25 10:59:57.56413",NULL,NULL,NULL
359,771,766,"2014-07-25 10:59:57.567894","assumptive_dependency","2014-07-25 10:59:57.567894",NULL,NULL,NULL
360,822,399,"2014-07-30 14:54:49.160093","assumptive_dependency","2014-07-30 14:54:49.160093",NULL,NULL,NULL
361,772,132,"2014-08-01 11:07:01.690917","assumptive_dependency","2014-08-01 11:07:01.690917",NULL,NULL,NULL
362,555,554,"2014-08-05 13:56:22.627215","assumptive_dependency","2014-08-05 13:56:22.627215",NULL,NULL,NULL
363,748,344,"2014-08-05 13:57:06.273984","assumptive_dependency","2014-08-05 13:57:06.273984",NULL,NULL,NULL
364,836,834,"2014-08-07 11:15:25.966792","assumptive_dependency","2014-08-07 11:15:25.966792",NULL,NULL,NULL
365,374,834,"2014-08-07 11:17:07.923756","assumptive_dependency","2014-08-07 11:17:07.923756",NULL,NULL,NULL
366,374,835,"2014-08-07 11:17:08.321403","assumptive_dependency","2014-08-07 11:17:08.321403",NULL,NULL,NULL
367,386,835,"2014-08-07 11:17:39.46165","assumptive_dependency","2014-08-07 11:17:39.46165",NULL,NULL,NULL
368,386,836,"2014-08-07 11:17:39.84824","assumptive_dependency","2014-08-07 11:17:39.84824",NULL,NULL,NULL
369,410,836,"2014-08-07 11:17:53.051189","assumptive_dependency","2014-08-07 11:17:53.051189",NULL,NULL,NULL
370,372,836,"2014-08-07 11:18:31.684098","assumptive_dependency","2014-08-07 11:18:31.684098",NULL,NULL,NULL
371,556,814,"2014-08-14 10:23:08.195439","assumptive_dependency","2014-08-14 10:23:08.195439",NULL,NULL,NULL
372,556,815,"2014-08-14 10:23:08.22077","assumptive_dependency","2014-08-14 10:23:08.22077",NULL,NULL,NULL
373,815,814,"2014-08-14 10:23:36.298062","assumptive_dependency","2014-08-14 10:23:36.298062",NULL,NULL,NULL
374,803,801,"2014-08-17 23:03:38.693987","assumptive_dependency","2014-08-17 23:03:38.693987",NULL,NULL,NULL
375,803,802,"2014-08-17 23:03:38.727502","assumptive_dependency","2014-08-17 23:03:38.727502",NULL,NULL,NULL
376,806,805,"2014-08-17 23:17:09.60147","assumptive_dependency","2014-08-17 23:17:09.60147",NULL,NULL,NULL
377,773,697,"2014-08-22 15:54:04.294365","assumptive_dependency","2014-08-22 15:54:04.294365",NULL,NULL,NULL
378,697,696,"2014-08-22 15:54:59.77711","assumptive_dependency","2014-08-22 15:54:59.77711",NULL,NULL,NULL
379,638,696,"2014-08-22 15:56:35.442454","assumptive_dependency","2014-08-22 15:56:35.442454",NULL,NULL,NULL
380,839,838,"2014-08-25 10:21:12.325811","assumptive_dependency","2014-08-25 10:21:12.325811",NULL,NULL,NULL
381,566,217,"2014-08-25 11:10:00.935859","assumptive_dependency","2014-08-25 11:10:00.935859",NULL,NULL,NULL
382,757,749,"2014-09-08 16:12:00.489377","assumptive_dependency","2014-09-08 16:12:00.489377",NULL,NULL,NULL
383,75,74,"2014-09-08 16:19:22.756379","assumptive_dependency","2014-09-08 16:19:22.756379",NULL,NULL,NULL
384,32,27,"2014-09-08 16:30:07.421206","assumptive_dependency","2014-09-08 16:30:07.421206",NULL,NULL,NULL
385,317,853,"2014-09-11 10:09:05.300204","assumptive_dependency","2014-09-11 10:09:05.300204",NULL,NULL,NULL
386,697,910,"2014-09-16 21:53:11.13641","assumptive_dependency","2014-09-16 21:53:11.13641",NULL,NULL,NULL
387,697,905,"2014-09-16 22:25:09.131519","assumptive_dependency","2014-09-16 22:25:09.131519",NULL,NULL,NULL
388,697,924,"2014-09-26 20:05:46.715151","assumptive_dependency","2014-09-26 20:05:46.715151",NULL,NULL,NULL
389,726,930,"2014-10-01 03:09:52.190229","assumptive_dependency","2014-10-01 03:09:52.190229",NULL,NULL,NULL
390,727,930,"2014-10-01 03:10:19.966479","assumptive_dependency","2014-10-01 03:10:19.966479",NULL,NULL,NULL
391,926,927,"2014-10-14 21:07:11.231615","assumptive_dependency","2014-10-14 21:07:11.231615",NULL,NULL,NULL
392,927,925,"2014-10-14 21:07:43.129","assumptive_dependency","2014-10-14 21:07:43.129",NULL,NULL,NULL
393,942,943,"2014-10-14 21:08:28.954634","assumptive_dependency","2014-10-14 21:08:28.954634",NULL,NULL,NULL
394,943,940,"2014-10-14 21:09:07.832311","assumptive_dependency","2014-10-14 21:09:07.832311",NULL,NULL,NULL
395,949,948,"2014-10-14 23:50:43.365928","assumptive_dependency","2014-10-14 23:50:43.365928",NULL,NULL,NULL
396,948,947,"2014-10-14 23:51:09.547403","assumptive_dependency","2014-10-14 23:51:09.547403",NULL,NULL,NULL
397,954,953,"2014-10-14 23:58:12.471464","assumptive_dependency","2014-10-14 23:58:12.471464",NULL,NULL,NULL
398,953,952,"2014-10-14 23:58:39.253521","assumptive_dependency","2014-10-14 23:58:39.253521",NULL,NULL,NULL
399,959,958,"2014-10-14 23:59:21.334464","assumptive_dependency","2014-10-14 23:59:21.334464",NULL,NULL,NULL
400,958,957,"2014-10-14 23:59:50.325837","assumptive_dependency","2014-10-14 23:59:50.325837",NULL,NULL,NULL
401,964,963,"2014-10-15 00:01:22.334791","assumptive_dependency","2014-10-15 00:01:22.334791",NULL,NULL,NULL
402,969,968,"2014-10-15 00:01:36.130401","assumptive_dependency","2014-10-15 00:01:36.130401",NULL,NULL,NULL
403,963,962,"2014-10-15 00:02:16.854857","assumptive_dependency","2014-10-15 00:02:16.854857",NULL,NULL,NULL
404,968,967,"2014-10-15 00:02:28.068168","assumptive_dependency","2014-10-15 00:02:28.068168",NULL,NULL,NULL
405,974,973,"2014-10-15 00:04:56.177185","assumptive_dependency","2014-10-15 00:04:56.177185",NULL,NULL,NULL
406,979,978,"2014-10-15 00:05:08.560216","assumptive_dependency","2014-10-15 00:05:08.560216",NULL,NULL,NULL
407,984,983,"2014-10-15 00:05:19.364343","assumptive_dependency","2014-10-15 00:05:19.364343",NULL,NULL,NULL
408,973,972,"2014-10-15 00:05:59.779822","assumptive_dependency","2014-10-15 00:05:59.779822",NULL,NULL,NULL
409,978,977,"2014-10-15 00:06:11.092092","assumptive_dependency","2014-10-15 00:06:11.092092",NULL,NULL,NULL
410,983,982,"2014-10-15 00:06:22.943923","assumptive_dependency","2014-10-15 00:06:22.943923",NULL,NULL,NULL
411,989,988,"2014-10-15 00:06:47.85567","assumptive_dependency","2014-10-15 00:06:47.85567",NULL,NULL,NULL
412,988,987,"2014-10-15 00:07:10.587853","assumptive_dependency","2014-10-15 00:07:10.587853",NULL,NULL,NULL
413,1007,942,"2014-10-20 15:24:12.646754","assumptive_dependency","2014-10-20 15:24:12.646754",NULL,NULL,NULL
414,1008,949,"2014-10-20 15:28:21.437702","assumptive_dependency","2014-10-20 15:28:21.437702",NULL,NULL,NULL
416,1010,959,"2014-10-20 15:29:55.756675","assumptive_dependency","2014-10-20 15:29:55.756675",NULL,NULL,NULL
425,951,948,"2014-10-20 15:44:41.265226","assumptive_dependency","2014-10-20 15:44:41.265226",NULL,NULL,NULL
428,966,963,"2014-10-20 15:48:24.495199","assumptive_dependency","2014-10-20 15:48:24.495199",NULL,NULL,NULL
431,981,978,"2014-10-20 16:03:20.506214","assumptive_dependency","2014-10-20 16:03:20.506214",NULL,NULL,NULL
415,1009,954,"2014-10-20 15:28:58.621089","assumptive_dependency","2014-10-20 15:28:58.621089",NULL,NULL,NULL
417,1011,964,"2014-10-20 15:30:38.852461","assumptive_dependency","2014-10-20 15:30:38.852461",NULL,NULL,NULL
422,1016,989,"2014-10-20 15:36:36.97878","assumptive_dependency","2014-10-20 15:36:36.97878",NULL,NULL,NULL
430,975,973,"2014-10-20 16:02:50.657863","assumptive_dependency","2014-10-20 16:02:50.657863",NULL,NULL,NULL
432,986,983,"2014-10-20 16:04:28.319812","assumptive_dependency","2014-10-20 16:04:28.319812",NULL,NULL,NULL
433,991,988,"2014-10-20 16:05:15.600665","assumptive_dependency","2014-10-20 16:05:15.600665",NULL,NULL,NULL
434,928,927,"2014-10-20 16:05:45.311841","assumptive_dependency","2014-10-20 16:05:45.311841",NULL,NULL,NULL
418,1012,969,"2014-10-20 15:32:35.850189","assumptive_dependency","2014-10-20 15:32:35.850189",NULL,NULL,NULL
419,1013,974,"2014-10-20 15:34:28.886442","assumptive_dependency","2014-10-20 15:34:28.886442",NULL,NULL,NULL
420,1014,979,"2014-10-20 15:35:11.333706","assumptive_dependency","2014-10-20 15:35:11.333706",NULL,NULL,NULL
421,1015,984,"2014-10-20 15:36:06.40702","assumptive_dependency","2014-10-20 15:36:06.40702",NULL,NULL,NULL
423,929,926,"2014-10-20 15:37:56.416248","assumptive_dependency","2014-10-20 15:37:56.416248",NULL,NULL,NULL
424,944,943,"2014-10-20 15:41:53.539323","assumptive_dependency","2014-10-20 15:41:53.539323",NULL,NULL,NULL
426,956,953,"2014-10-20 15:45:28.379168","assumptive_dependency","2014-10-20 15:45:28.379168",NULL,NULL,NULL
427,961,958,"2014-10-20 15:46:32.86964","assumptive_dependency","2014-10-20 15:46:32.86964",NULL,NULL,NULL
429,971,968,"2014-10-20 15:49:45.322415","assumptive_dependency","2014-10-20 15:49:45.322415",NULL,NULL,NULL
435,1022,1023,"2014-10-22 00:37:06.652092","assumptive_dependency","2014-10-22 00:37:06.652092",NULL,NULL,NULL
436,1023,556,"2014-10-22 00:37:32.334095","assumptive_dependency","2014-10-22 00:37:32.334095",NULL,NULL,NULL
437,1023,867,"2014-10-22 00:37:50.799332","assumptive_dependency","2014-10-22 00:37:50.799332",NULL,NULL,NULL
438,1026,1023,"2014-10-22 00:38:17.98008","assumptive_dependency","2014-10-22 00:38:17.98008",NULL,NULL,NULL
439,944,928,"2014-10-30 14:34:51.137987","assumptive_dependency","2014-10-30 14:34:51.137987",NULL,NULL,NULL
440,951,928,"2014-10-30 14:35:17.86146","assumptive_dependency","2014-10-30 14:35:17.86146",NULL,NULL,NULL
441,956,928,"2014-10-30 14:35:49.340101","assumptive_dependency","2014-10-30 14:35:49.340101",NULL,NULL,NULL
442,961,928,"2014-10-30 14:36:19.036717","assumptive_dependency","2014-10-30 14:36:19.036717",NULL,NULL,NULL
443,966,928,"2014-10-30 14:36:39.564098","assumptive_dependency","2014-10-30 14:36:39.564098",NULL,NULL,NULL
444,971,928,"2014-10-30 14:37:02.43479","assumptive_dependency","2014-10-30 14:37:02.43479",NULL,NULL,NULL
445,975,928,"2014-10-30 14:37:58.561852","assumptive_dependency","2014-10-30 14:37:58.561852",NULL,NULL,NULL
446,981,928,"2014-10-30 14:38:20.531092","assumptive_dependency","2014-10-30 14:38:20.531092",NULL,NULL,NULL
447,986,928,"2014-10-30 14:38:49.934579","assumptive_dependency","2014-10-30 14:38:49.934579",NULL,NULL,NULL
448,991,928,"2014-10-30 14:39:18.171837","assumptive_dependency","2014-10-30 14:39:18.171837",NULL,NULL,NULL
449,1043,1037,"2014-12-01 02:56:20.436929","assumptive_dependency","2014-12-01 02:56:20.436929",NULL,NULL,NULL
450,1075,201,"2014-12-16 14:45:58.636195","assumptive_dependency","2014-12-16 14:45:58.636195",NULL,NULL,NULL
451,49,57,"2014-12-16 22:43:07.003725","assumptive_dependency","2014-12-16 22:43:07.003725",NULL,NULL,NULL
452,58,57,"2014-12-16 22:48:17.719814","assumptive_dependency","2014-12-16 22:48:17.719814",NULL,NULL,NULL
453,704,694,"2014-12-17 22:40:11.210626","assumptive_dependency","2014-12-17 22:40:11.210626",NULL,NULL,NULL
454,705,694,"2014-12-17 22:40:52.445201","assumptive_dependency","2014-12-17 22:40:52.445201",NULL,NULL,NULL
455,705,704,"2014-12-17 22:40:52.477531","assumptive_dependency","2014-12-17 22:40:52.477531",NULL,NULL,NULL
456,706,694,"2014-12-17 22:41:08.824646","assumptive_dependency","2014-12-17 22:41:08.824646",NULL,NULL,NULL
457,1077,1076,"2014-12-24 07:29:40.087069","assumptive_dependency","2014-12-24 07:29:40.087069",NULL,NULL,NULL
458,1066,1076,"2014-12-24 07:30:08.925326","assumptive_dependency","2014-12-24 07:30:08.925326",NULL,NULL,NULL
459,63,1077,"2014-12-24 07:39:51.500427","assumptive_dependency","2014-12-24 07:39:51.500427",NULL,NULL,NULL
460,59,58,"2014-12-24 07:43:38.62321","assumptive_dependency","2014-12-24 07:43:38.62321",NULL,NULL,NULL
461,63,59,"2014-12-24 07:44:06.659933","assumptive_dependency","2014-12-24 07:44:06.659933",NULL,NULL,NULL
462,67,63,"2014-12-24 07:44:57.382473","assumptive_dependency","2014-12-24 07:44:57.382473",NULL,NULL,NULL
463,50,57,"2014-12-24 07:46:21.661191","assumptive_dependency","2014-12-24 07:46:21.661191",NULL,NULL,NULL
464,158,1003,"2014-12-27 14:47:26.20735","assumptive_dependency","2014-12-27 14:47:26.20735",NULL,NULL,NULL
465,1052,1050,"2014-12-27 14:49:53.538167","assumptive_dependency","2014-12-27 14:49:53.538167",NULL,NULL,NULL
466,1131,1132,"2015-01-09 15:34:15.775931","assumptive_dependency","2015-01-09 15:34:15.775931",NULL,NULL,NULL
467,1130,1131,"2015-01-09 15:35:20.34681","assumptive_dependency","2015-01-09 15:35:20.34681",NULL,NULL,NULL
468,1130,1132,"2015-01-09 15:35:20.371334","assumptive_dependency","2015-01-09 15:35:20.371334",NULL,NULL,NULL
469,1138,1050,"2015-01-12 10:47:59.691807","assumptive_dependency","2015-01-12 10:47:59.691807",NULL,NULL,NULL
470,802,1094,"2015-01-22 11:41:42.650624","assumptive_dependency","2015-01-22 11:41:42.650624",NULL,NULL,NULL
471,1063,1094,"2015-01-22 11:42:06.27905","assumptive_dependency","2015-01-22 11:42:06.27905",NULL,NULL,NULL
472,1093,801,"2015-01-22 11:42:25.462573","assumptive_dependency","2015-01-22 11:42:25.462573",NULL,NULL,NULL
473,1063,1090,"2015-01-22 11:42:49.515752","assumptive_dependency","2015-01-22 11:42:49.515752",NULL,NULL,NULL
474,803,1063,"2015-01-22 11:43:09.404555","assumptive_dependency","2015-01-22 11:43:09.404555",NULL,NULL,NULL
475,900,909,"2015-01-24 18:14:47.31267","assumptive_dependency","2015-01-24 18:14:47.31267",NULL,NULL,NULL
476,1176,1177,"2015-01-27 12:37:55.514858","assumptive_dependency","2015-01-27 12:37:55.514858",NULL,NULL,NULL
477,1176,1179,"2015-01-27 12:37:55.540841","assumptive_dependency","2015-01-27 12:37:55.540841",NULL,NULL,NULL
478,864,865,"2015-01-29 13:54:59.774369","assumptive_dependency","2015-01-29 13:54:59.774369",NULL,NULL,NULL
479,369,140,"2015-02-05 10:59:21.551636","assumptive_dependency","2015-02-05 10:59:21.551636",NULL,NULL,NULL
480,1071,1072,"2015-02-12 10:05:31.803009","assumptive_dependency","2015-02-12 10:05:31.803009",NULL,NULL,NULL
481,1207,1209,"2015-02-13 05:24:33.178686","assumptive_dependency","2015-02-13 05:24:33.178686",NULL,NULL,NULL
482,1118,1117,"2015-02-13 05:29:12.707922","assumptive_dependency","2015-02-13 05:29:12.707922",NULL,NULL,NULL
483,1158,1117,"2015-02-13 05:30:22.847616","assumptive_dependency","2015-02-13 05:30:22.847616",NULL,NULL,NULL
484,1035,1045,"2015-02-13 05:31:41.530077","assumptive_dependency","2015-02-13 05:31:41.530077",NULL,NULL,NULL
485,584,1117,"2015-02-13 05:32:12.095309","assumptive_dependency","2015-02-13 05:32:12.095309",NULL,NULL,NULL
486,1137,1117,"2015-02-13 05:32:52.604981","assumptive_dependency","2015-02-13 05:32:52.604981",NULL,NULL,NULL
487,402,709,"2015-02-18 11:28:08.782677","assumptive_dependency","2015-02-18 11:28:08.782677",NULL,NULL,NULL
488,689,709,"2015-02-19 10:35:22.351127","assumptive_dependency","2015-02-19 10:35:22.351127",NULL,NULL,NULL
489,688,798,"2015-02-19 10:36:41.562776","assumptive_dependency","2015-02-19 10:36:41.562776",NULL,NULL,NULL
490,688,709,"2015-02-19 10:40:06.672775","assumptive_dependency","2015-02-19 10:40:06.672775",NULL,NULL,NULL
491,1181,709,"2015-02-19 10:42:26.562255","assumptive_dependency","2015-02-19 10:42:26.562255",NULL,NULL,NULL
492,1222,1221,"2015-02-20 14:35:08.323678","assumptive_dependency","2015-02-20 14:35:08.323678",NULL,NULL,NULL
493,1221,1224,"2015-02-23 11:46:24.529688","assumptive_dependency","2015-02-23 11:46:24.529688",NULL,NULL,NULL
494,1222,1224,"2015-02-23 11:47:14.033453","assumptive_dependency","2015-02-23 11:47:14.033453",NULL,NULL,NULL
495,1236,1202,"2015-03-03 12:03:53.554004","assumptive_dependency","2015-03-03 12:03:53.554004",NULL,NULL,NULL
496,1234,1201,"2015-03-03 12:04:38.962734","assumptive_dependency","2015-03-03 12:04:38.962734",NULL,NULL,NULL
497,1234,1233,"2015-03-03 12:04:38.986566","assumptive_dependency","2015-03-03 12:04:38.986566",NULL,NULL,NULL
498,1233,1201,"2015-03-03 12:05:26.417383","assumptive_dependency","2015-03-03 12:05:26.417383",NULL,NULL,NULL
499,1203,696,"2015-03-10 22:42:41.815345","assumptive_dependency","2015-03-10 22:42:41.815345",NULL,7,NULL
500,566,620,"2015-03-11 18:33:37.467822","assumptive_dependency","2015-03-11 18:33:37.467822",NULL,10232,NULL
501,629,721,"2015-03-12 10:39:41.966507","assumptive_dependency","2015-03-12 10:39:41.966507",NULL,45,NULL
502,1250,1241,"2015-03-12 17:43:03.257978","assumptive_dependency","2015-03-12 17:43:03.257978",NULL,10232,NULL
503,1241,1245,"2015-03-12 17:45:19.196233","assumptive_dependency","2015-03-12 17:45:19.196233",NULL,10232,NULL
504,1249,673,"2015-03-12 18:01:15.815334","assumptive_dependency","2015-03-12 18:01:15.815334",NULL,10232,NULL
505,1249,896,"2015-03-12 18:07:51.734592","assumptive_dependency","2015-03-12 18:07:51.734592",NULL,10232,NULL
506,1249,895,"2015-03-12 18:09:03.348185","assumptive_dependency","2015-03-12 18:09:03.348185",NULL,10232,NULL
507,858,859,"2015-03-18 15:24:46.785416","assumptive_dependency","2015-03-18 15:24:46.785416",NULL,7,NULL
508,794,793,"2015-03-26 12:56:39.267111","assumptive_dependency","2015-03-26 12:56:39.267111",NULL,10856,NULL
509,860,857,"2015-03-26 17:29:18.913389","assumptive_dependency","2015-03-26 17:29:18.913389",NULL,45,NULL
510,1278,1277,"2015-03-27 06:04:46.833285","assumptive_dependency","2015-03-27 06:04:46.833285",NULL,45,NULL
511,1279,1274,"2015-03-27 10:52:38.800648","assumptive_dependency","2015-03-27 10:52:38.800648",NULL,45,NULL
512,1274,1275,"2015-03-27 10:53:41.208397","assumptive_dependency","2015-03-27 10:53:41.208397",NULL,45,NULL
513,1274,634,"2015-03-27 10:54:33.135124","assumptive_dependency","2015-03-27 10:54:33.135124",NULL,45,NULL
514,634,1275,"2015-03-27 10:55:40.918657","assumptive_dependency","2015-03-27 10:55:40.918657",NULL,45,NULL
515,443,1228,"2015-04-13 14:09:41.074104","assumptive_dependency","2015-04-13 14:09:41.074104",NULL,45,NULL
516,1254,1245,"2015-04-23 10:41:02.055098","assumptive_dependency","2015-04-23 10:41:02.055098",NULL,10710,NULL
517,1254,1241,"2015-04-23 10:42:12.525282","assumptive_dependency","2015-04-23 10:42:12.525282",NULL,10710,NULL
518,1298,156,"2015-04-23 11:38:58.068547","assumptive_dependency","2015-04-23 11:38:58.068547",NULL,45,NULL
519,1148,1243,"2015-04-23 11:46:50.647167","assumptive_dependency","2015-04-23 11:46:50.647167",NULL,45,NULL
520,1254,1124,"2015-04-23 11:51:33.091879","assumptive_dependency","2015-04-23 11:51:33.091879",NULL,2075,NULL
521,1175,861,"2015-04-23 12:02:15.069781","assumptive_dependency","2015-04-23 12:02:15.069781",NULL,2075,NULL
522,1169,865,"2015-04-23 12:12:48.498174","assumptive_dependency","2015-04-23 12:12:48.498174",NULL,2075,NULL
523,857,1168,"2015-04-23 12:45:46.484707","assumptive_dependency","2015-04-23 12:45:46.484707",NULL,372,NULL
526,1208,1207,"2015-04-23 14:16:40.132629","assumptive_dependency","2015-04-23 14:16:40.132629",NULL,10077,NULL
527,532,912,"2015-04-23 18:22:25.118632","assumptive_dependency","2015-04-23 18:22:25.118632",NULL,10260,NULL
528,912,879,"2015-04-23 18:25:29.062911","assumptive_dependency","2015-04-23 18:25:29.062911",NULL,10260,NULL
531,653,1307,"2015-04-23 18:42:21.394335","assumptive_dependency","2015-04-23 18:42:21.394335",NULL,10260,NULL
532,1307,377,"2015-04-23 18:45:29.946399","assumptive_dependency","2015-04-23 18:45:29.946399",NULL,10260,NULL
533,532,377,"2015-04-23 19:27:14.554484","assumptive_dependency","2015-04-23 19:27:14.554484",NULL,10260,NULL
535,1048,136,"2015-04-23 19:35:29.135257","assumptive_dependency","2015-04-23 19:35:29.135257",NULL,10260,NULL
536,136,135,"2015-04-23 19:55:49.491531","assumptive_dependency","2015-04-23 19:55:49.491531",NULL,10260,NULL
537,1319,1318,"2015-04-23 20:39:39.852123","assumptive_dependency","2015-04-23 20:39:39.852123",NULL,10514,NULL
538,1321,1318,"2015-04-23 20:45:15.287597","assumptive_dependency","2015-04-23 20:45:15.287597",NULL,10514,NULL
539,771,133,"2015-04-23 21:08:03.200564","assumptive_dependency","2015-04-23 21:08:03.200564",NULL,10514,NULL
540,133,768,"2015-04-23 21:19:07.751536","assumptive_dependency","2015-04-23 21:19:07.751536",NULL,10514,NULL
541,133,769,"2015-04-23 21:21:01.099111","assumptive_dependency","2015-04-23 21:21:01.099111",NULL,10514,NULL
543,1048,133,"2015-04-23 21:39:14.413974","assumptive_dependency","2015-04-23 21:39:14.413974",NULL,10514,NULL
544,1326,1283,"2015-04-23 22:59:18.685912","assumptive_dependency","2015-04-23 22:59:18.685912",NULL,10710,NULL
545,1274,1326,"2015-04-23 23:04:32.987094","assumptive_dependency","2015-04-23 23:04:32.987094",NULL,10710,NULL
547,553,531,"2015-04-24 07:32:12.149079","assumptive_dependency","2015-04-24 07:32:12.149079",NULL,10833,NULL
548,105,531,"2015-04-24 08:00:22.188805","assumptive_dependency","2015-04-24 08:00:22.188805",NULL,10833,NULL
549,1066,1323,"2015-04-24 11:53:09.371182","assumptive_dependency","2015-04-24 11:53:09.371182",NULL,10710,NULL
550,873,884,"2015-04-24 12:16:55.07294","assumptive_dependency","2015-04-24 12:16:55.07294",NULL,10710,NULL
551,872,884,"2015-04-24 12:21:34.065146","assumptive_dependency","2015-04-24 12:21:34.065146",NULL,10710,NULL
552,871,884,"2015-04-24 12:24:52.343917","assumptive_dependency","2015-04-24 12:24:52.343917",NULL,10710,NULL
553,869,884,"2015-04-24 12:27:53.036849","assumptive_dependency","2015-04-24 12:27:53.036849",NULL,10710,NULL
554,1220,1191,"2015-04-24 13:21:11.360057","assumptive_dependency","2015-04-24 13:21:11.360057",NULL,10710,NULL
555,1191,1197,"2015-04-24 13:24:15.353027","assumptive_dependency","2015-04-24 13:24:15.353027",NULL,10710,NULL
556,1191,1195,"2015-04-24 13:44:05.385238","assumptive_dependency","2015-04-24 13:44:05.385238",NULL,10710,NULL
524,866,861,"2015-04-23 14:09:45.953431","assumptive_dependency","2015-04-23 14:09:45.953431",NULL,10077,NULL
525,609,1190,"2015-04-23 14:15:18.661985","assumptive_dependency","2015-04-23 14:15:18.661985",NULL,10077,NULL
529,1048,879,"2015-04-23 18:33:01.216185","assumptive_dependency","2015-04-23 18:33:01.216185",NULL,10260,NULL
530,532,1048,"2015-04-23 18:37:58.819166","assumptive_dependency","2015-04-23 18:37:58.819166",NULL,10260,NULL
534,912,377,"2015-04-23 19:29:19.601844","assumptive_dependency","2015-04-23 19:29:19.601844",NULL,10260,NULL
542,201,1302,"2015-04-23 21:29:22.557557","assumptive_dependency","2015-04-23 21:29:22.557557",NULL,10514,NULL
546,874,884,"2015-04-24 05:54:38.314119","assumptive_dependency","2015-04-24 05:54:38.314119",NULL,10077,NULL
557,1295,1258,"2015-04-24 15:14:47.938292","assumptive_dependency","2015-04-24 15:14:47.938292",NULL,10260,NULL
558,873,883,"2015-04-24 16:58:41.820999","assumptive_dependency","2015-04-24 16:58:41.820999",NULL,10710,NULL
559,817,816,"2015-04-24 17:04:28.793072","assumptive_dependency","2015-04-24 17:04:28.793072",NULL,10710,NULL
560,788,787,"2015-04-24 17:08:54.999716","assumptive_dependency","2015-04-24 17:08:54.999716",NULL,10710,NULL
561,302,1237,"2015-04-24 17:14:48.84824","assumptive_dependency","2015-04-24 17:14:48.84824",NULL,10710,NULL
562,1237,1253,"2015-04-24 17:19:04.554364","assumptive_dependency","2015-04-24 17:19:04.554364",NULL,10710,NULL
563,777,1273,"2015-04-24 17:31:54.440448","assumptive_dependency","2015-04-24 17:31:54.440448",NULL,10710,NULL
564,21,1273,"2015-04-24 17:33:53.588089","assumptive_dependency","2015-04-24 17:33:53.588089",NULL,10710,NULL
565,1273,682,"2015-04-24 17:35:57.915728","assumptive_dependency","2015-04-24 17:35:57.915728",NULL,10710,NULL
566,1313,141,"2015-04-24 20:40:47.189997","assumptive_dependency","2015-04-24 20:40:47.189997",NULL,10710,NULL
567,455,446,"2015-04-24 21:09:12.541734","assumptive_dependency","2015-04-24 21:09:12.541734",NULL,10710,NULL
568,1290,227,"2015-04-25 03:17:30.764093","assumptive_dependency","2015-04-25 03:17:30.764093",NULL,372,NULL
569,631,616,"2015-04-25 17:32:26.896966","assumptive_dependency","2015-04-25 17:32:26.896966",NULL,2075,NULL
570,484,857,"2015-04-25 18:01:32.041476","assumptive_dependency","2015-04-25 18:01:32.041476",NULL,10850,NULL
571,812,999,"2015-04-25 21:02:49.195965","assumptive_dependency","2015-04-25 21:02:49.195965",NULL,372,NULL
572,1325,1135,"2015-04-25 21:23:43.734337","assumptive_dependency","2015-04-25 21:23:43.734337",NULL,372,NULL
573,1229,1188,"2015-04-25 22:43:11.247588","assumptive_dependency","2015-04-25 22:43:11.247588",NULL,10850,NULL
574,1191,1188,"2015-04-25 22:45:30.396583","assumptive_dependency","2015-04-25 22:45:30.396583",NULL,10850,NULL
575,1210,1214,"2015-04-26 02:20:27.178512","assumptive_dependency","2015-04-26 02:20:27.178512",NULL,10850,NULL
576,1219,1198,"2015-04-26 02:27:50.183394","assumptive_dependency","2015-04-26 02:27:50.183394",NULL,10850,NULL
577,1210,1198,"2015-04-26 02:32:58.864465","assumptive_dependency","2015-04-26 02:32:58.864465",NULL,10850,NULL
578,1189,1198,"2015-04-26 02:40:21.949141","assumptive_dependency","2015-04-26 02:40:21.949141",NULL,10850,NULL
579,1219,1189,"2015-04-26 02:41:55.298248","assumptive_dependency","2015-04-26 02:41:55.298248",NULL,10850,NULL
580,1198,1214,"2015-04-26 02:46:57.753438","assumptive_dependency","2015-04-26 02:46:57.753438",NULL,10850,NULL
581,1210,1219,"2015-04-26 03:22:40.951856","assumptive_dependency","2015-04-26 03:22:40.951856",NULL,10850,NULL
582,1219,1214,"2015-04-26 03:26:57.685958","assumptive_dependency","2015-04-26 03:26:57.685958",NULL,10850,NULL
583,779,776,"2015-04-26 03:40:50.733216","assumptive_dependency","2015-04-26 03:40:50.733216",NULL,372,NULL
584,773,638,"2015-04-26 03:56:29.273936","assumptive_dependency","2015-04-26 03:56:29.273936",NULL,10850,NULL
585,647,708,"2015-04-26 04:00:51.459837","assumptive_dependency","2015-04-26 04:00:51.459837",NULL,10850,NULL
586,900,1315,"2015-04-26 04:05:22.637847","assumptive_dependency","2015-04-26 04:05:22.637847",NULL,372,NULL
587,1312,857,"2015-04-26 04:09:30.859531","assumptive_dependency","2015-04-26 04:09:30.859531",NULL,372,NULL
588,896,895,"2015-04-26 04:10:26.608515","assumptive_dependency","2015-04-26 04:10:26.608515",NULL,10850,NULL
589,1120,1121,"2015-04-26 04:21:11.006581","assumptive_dependency","2015-04-26 04:21:11.006581",NULL,10850,NULL
590,1240,1235,"2015-04-26 04:29:47.233012","assumptive_dependency","2015-04-26 04:29:47.233012",NULL,10850,NULL
591,548,1324,"2015-04-26 08:56:13.810941","assumptive_dependency","2015-04-26 08:56:13.810941",NULL,10514,NULL
592,534,562,"2015-04-26 11:34:30.20497","assumptive_dependency","2015-04-26 11:34:30.20497",NULL,10514,NULL
593,901,562,"2015-04-26 11:51:28.831096","assumptive_dependency","2015-04-26 11:51:28.831096",NULL,10514,NULL
594,534,901,"2015-04-26 11:53:36.729823","assumptive_dependency","2015-04-26 11:53:36.729823",NULL,10514,NULL
595,636,1309,"2015-04-26 12:00:48.39845","assumptive_dependency","2015-04-26 12:00:48.39845",NULL,10514,NULL
596,775,1299,"2015-04-26 13:03:24.88174","assumptive_dependency","2015-04-26 13:03:24.88174",NULL,10514,NULL
597,1286,1284,"2015-04-26 13:09:48.821187","assumptive_dependency","2015-04-26 13:09:48.821187",NULL,10514,NULL
598,1291,1262,"2015-04-26 13:18:52.602267","assumptive_dependency","2015-04-26 13:18:52.602267",NULL,10514,NULL
599,997,1308,"2015-04-26 13:29:43.591703","assumptive_dependency","2015-04-26 13:29:43.591703",NULL,10514,NULL
600,689,997,"2015-04-26 13:33:00.184884","assumptive_dependency","2015-04-26 13:33:00.184884",NULL,10514,NULL
601,997,1256,"2015-04-26 13:35:49.331044","assumptive_dependency","2015-04-26 13:35:49.331044",NULL,10514,NULL
602,1239,413,"2015-04-26 15:39:43.938404","assumptive_dependency","2015-04-26 15:39:43.938404",NULL,10514,NULL
603,638,1203,"2015-04-26 15:51:07.983642","assumptive_dependency","2015-04-26 15:51:07.983642",NULL,10514,NULL
604,1199,1206,"2015-04-26 16:01:44.278934","assumptive_dependency","2015-04-26 16:01:44.278934",NULL,10514,NULL
605,1199,1201,"2015-04-26 16:03:46.002732","assumptive_dependency","2015-04-26 16:03:46.002732",NULL,10514,NULL
606,777,1197,"2015-04-26 16:11:13.63166","assumptive_dependency","2015-04-26 16:11:13.63166",NULL,10514,NULL
607,788,1186,"2015-04-26 16:41:55.894953","assumptive_dependency","2015-04-26 16:41:55.894953",NULL,10514,NULL
608,1178,446,"2015-04-26 16:47:43.801732","assumptive_dependency","2015-04-26 16:47:43.801732",NULL,10514,NULL
609,1153,1174,"2015-04-26 16:51:06.328432","assumptive_dependency","2015-04-26 16:51:06.328432",NULL,10514,NULL
610,1066,1077,"2015-04-26 17:02:14.543232","assumptive_dependency","2015-04-26 17:02:14.543232",NULL,10514,NULL
611,890,886,"2015-04-26 18:30:36.078435","assumptive_dependency","2015-04-26 18:30:36.078435",NULL,10514,NULL
612,887,890,"2015-04-26 18:39:33.416146","assumptive_dependency","2015-04-26 18:39:33.416146",NULL,10514,NULL
613,1311,484,"2015-04-27 11:13:09.359717","assumptive_dependency","2015-04-27 11:13:09.359717",NULL,10260,NULL
614,1327,1330,"2015-04-27 11:42:32.631617","assumptive_dependency","2015-04-27 11:42:32.631617",NULL,10260,NULL
615,1327,1328,"2015-04-27 11:43:08.911814","assumptive_dependency","2015-04-27 11:43:08.911814",NULL,10260,NULL
616,1327,1329,"2015-04-27 11:43:52.019297","assumptive_dependency","2015-04-27 11:43:52.019297",NULL,10260,NULL
617,1330,1329,"2015-04-27 13:49:53.398853","assumptive_dependency","2015-04-27 13:49:53.398853",NULL,10260,NULL
618,1328,1330,"2015-04-27 15:01:03.75594","assumptive_dependency","2015-04-27 15:01:03.75594",NULL,45,NULL
619,1331,1332,"2015-04-27 23:00:43.210543","assumptive_dependency","2015-04-27 23:00:43.210543",NULL,10850,NULL
620,1333,1332,"2015-04-27 23:01:06.7617","assumptive_dependency","2015-04-27 23:01:06.7617",NULL,10850,NULL
621,1333,1331,"2015-04-27 23:02:38.506003","assumptive_dependency","2015-04-27 23:02:38.506003",NULL,10850,NULL
622,1335,1334,"2015-04-28 16:54:59.191415","assumptive_dependency","2015-04-28 16:54:59.191415",NULL,276,NULL
623,1342,1341,"2015-04-28 18:04:54.189731","assumptive_dependency","2015-04-28 18:04:54.189731",NULL,10850,NULL
624,1339,1338,"2015-04-28 18:42:02.989261","assumptive_dependency","2015-04-28 18:42:02.989261",NULL,10710,NULL
625,1337,1338,"2015-04-28 18:46:43.787686","assumptive_dependency","2015-04-28 18:46:43.787686",NULL,10710,NULL
626,1334,721,"2015-04-28 21:42:36.983368","assumptive_dependency","2015-04-28 21:42:36.983368",NULL,45,NULL
627,1312,484,"2015-04-29 22:04:28.874048","assumptive_dependency","2015-04-29 22:04:28.874048",NULL,10260,NULL
628,455,1343,"2015-04-29 22:09:01.744334","assumptive_dependency","2015-04-29 22:09:01.744334",NULL,10260,NULL
629,455,1178,"2015-04-29 22:45:52.530848","assumptive_dependency","2015-04-29 22:45:52.530848",NULL,10260,NULL
630,1178,1343,"2015-04-30 00:13:22.915272","assumptive_dependency","2015-04-30 00:13:22.915272",NULL,10260,NULL
631,1346,1345,"2015-04-30 15:26:38.170791","assumptive_dependency","2015-04-30 15:26:38.170791",NULL,10077,NULL
632,1347,1345,"2015-04-30 15:34:05.200133","assumptive_dependency","2015-04-30 15:34:05.200133",NULL,10077,NULL
635,1347,1346,"2015-04-30 16:29:32.149145","assumptive_dependency","2015-04-30 16:29:32.149145",NULL,45,NULL
645,1352,802,"2015-05-05 14:31:49.880176","assumptive_dependency","2015-05-05 14:31:49.880176",NULL,10519,NULL
647,802,1351,"2015-05-05 14:37:57.644939","assumptive_dependency","2015-05-05 14:37:57.644939",NULL,10519,NULL
651,1233,1353,"2015-05-07 12:51:44.768634","assumptive_dependency","2015-05-07 12:51:44.768634",NULL,10229,NULL
652,1201,1353,"2015-05-07 12:54:17.213419","assumptive_dependency","2015-05-07 12:54:17.213419",NULL,10229,NULL
633,1331,1349,"2015-04-30 16:07:24.342511","assumptive_dependency","2015-04-30 16:07:24.342511",NULL,45,NULL
636,1317,1316,"2015-04-30 23:44:42.016595","assumptive_dependency","2015-04-30 23:44:42.016595",NULL,10229,NULL
637,1346,1348,"2015-05-02 18:52:58.132383","assumptive_dependency","2015-05-02 18:52:58.132383",NULL,10519,NULL
641,1311,141,"2015-05-04 17:23:32.138592","assumptive_dependency","2015-05-04 17:23:32.138592",NULL,10519,NULL
649,1192,633,"2015-05-07 12:38:25.57204","assumptive_dependency","2015-05-07 12:38:25.57204",NULL,372,NULL
650,1234,1353,"2015-05-07 12:47:51.229615","assumptive_dependency","2015-05-07 12:47:51.229615",NULL,10229,NULL
653,1357,1354,"2015-05-08 12:05:22.051808","assumptive_dependency","2015-05-08 12:05:22.051808",NULL,10229,NULL
634,1349,1332,"2015-04-30 16:07:46.092112","assumptive_dependency","2015-04-30 16:07:46.092112",NULL,45,NULL
638,869,874,"2015-05-04 11:31:50.59237","assumptive_dependency","2015-05-04 11:31:50.59237",NULL,10519,NULL
642,449,1168,"2015-05-04 17:54:28.424963","assumptive_dependency","2015-05-04 17:54:28.424963",NULL,10519,NULL
639,1176,1311,"2015-05-04 11:54:43.968415","assumptive_dependency","2015-05-04 11:54:43.968415",NULL,10519,NULL
640,124,227,"2015-05-04 17:08:47.95867","assumptive_dependency","2015-05-04 17:08:47.95867",NULL,10519,NULL
643,553,557,"2015-05-04 17:58:12.224126","assumptive_dependency","2015-05-04 17:58:12.224126",NULL,10519,NULL
644,837,377,"2015-05-05 03:42:03.657083","assumptive_dependency","2015-05-05 03:42:03.657083",NULL,372,NULL
646,1352,1351,"2015-05-05 14:34:25.236001","assumptive_dependency","2015-05-05 14:34:25.236001",NULL,10519,NULL
648,629,1335,"2015-05-05 16:06:26.28949","assumptive_dependency","2015-05-05 16:06:26.28949",NULL,276,NULL
654,1355,1356,"2015-05-08 12:25:47.210646","assumptive_dependency","2015-05-08 12:25:47.210646",NULL,10077,NULL
655,1254,1250,"2015-05-11 12:26:25.275952","assumptive_dependency","2015-05-11 12:26:25.275952",NULL,10077,NULL
656,1018,1019,"2015-05-11 13:10:06.476456","assumptive_dependency","2015-05-11 13:10:06.476456",NULL,10519,NULL
657,446,1358,"2015-05-13 07:45:15.41468","assumptive_dependency","2015-05-13 07:45:15.41468",NULL,10077,NULL
658,771,772,"2015-05-14 17:41:39.338449","assumptive_dependency","2015-05-14 17:41:39.338449",NULL,10513,NULL
659,999,1005,"2015-05-14 18:28:14.155853","assumptive_dependency","2015-05-14 18:28:14.155853",NULL,10513,NULL
660,639,1005,"2015-05-14 18:30:34.829054","assumptive_dependency","2015-05-14 18:30:34.829054",NULL,10513,NULL
661,1339,1336,"2015-05-16 12:02:17.171439","assumptive_dependency","2015-05-16 12:02:17.171439",NULL,10513,NULL
662,717,992,"2015-05-17 20:53:05.785602","assumptive_dependency","2015-05-17 20:53:05.785602",NULL,372,NULL
663,137,424,"2015-05-17 20:56:17.637357","assumptive_dependency","2015-05-17 20:56:17.637357",NULL,372,NULL
664,1135,435,"2015-05-17 21:00:32.252743","assumptive_dependency","2015-05-17 21:00:32.252743",NULL,372,NULL
665,1005,1135,"2015-05-17 21:10:19.640884","assumptive_dependency","2015-05-17 21:10:19.640884",NULL,372,NULL
666,329,1135,"2015-05-17 21:17:11.97378","assumptive_dependency","2015-05-17 21:17:11.97378",NULL,372,NULL
667,892,435,"2015-05-17 21:20:37.490526","assumptive_dependency","2015-05-17 21:20:37.490526",NULL,372,NULL
668,746,1356,"2015-05-17 21:33:30.983453","assumptive_dependency","2015-05-17 21:33:30.983453",NULL,372,NULL
669,935,776,"2015-05-17 21:38:22.793995","assumptive_dependency","2015-05-17 21:38:22.793995",NULL,372,NULL
670,1338,1336,"2015-05-18 01:09:35.67859","assumptive_dependency","2015-05-18 01:09:35.67859",NULL,10519,NULL
671,1339,1337,"2015-05-18 15:39:18.886632","assumptive_dependency","2015-05-18 15:39:18.886632",NULL,45,NULL
672,1270,1323,"2015-05-18 19:34:56.464508","assumptive_dependency","2015-05-18 19:34:56.464508",NULL,372,NULL
673,329,435,"2015-05-19 23:38:34.656414","assumptive_dependency","2015-05-19 23:38:34.656414",NULL,372,NULL
674,181,182,"2015-05-20 20:24:41.884762","assumptive_dependency","2015-05-20 20:24:41.884762",NULL,85,NULL
675,775,1231,"2015-05-21 15:39:31.508135","assumptive_dependency","2015-05-21 15:39:31.508135",NULL,372,NULL
676,992,1265,"2015-05-21 15:50:03.598955","assumptive_dependency","2015-05-21 15:50:03.598955",NULL,372,NULL
677,1196,1182,"2015-05-21 16:09:42.679117","assumptive_dependency","2015-05-21 16:09:42.679117",NULL,372,NULL
678,882,885,"2015-05-21 16:14:33.557897","assumptive_dependency","2015-05-21 16:14:33.557897",NULL,372,NULL
679,1256,1305,"2015-05-21 16:21:43.368689","assumptive_dependency","2015-05-21 16:21:43.368689",NULL,372,NULL
680,1308,913,"2015-05-21 16:28:35.671342","assumptive_dependency","2015-05-21 16:28:35.671342",NULL,372,NULL
681,208,1124,"2015-05-22 02:03:24.301058","assumptive_dependency","2015-05-22 02:03:24.301058",NULL,10229,NULL
682,208,1330,"2015-05-22 02:07:58.616315","assumptive_dependency","2015-05-22 02:07:58.616315",NULL,10229,NULL
683,1353,1330,"2015-05-22 02:18:08.14209","assumptive_dependency","2015-05-22 02:18:08.14209",NULL,10229,NULL
684,673,1327,"2015-05-22 02:32:39.524838","assumptive_dependency","2015-05-22 02:32:39.524838",NULL,10229,NULL
685,1353,673,"2015-05-22 02:41:14.613993","assumptive_dependency","2015-05-22 02:41:14.613993",NULL,10229,NULL
686,717,1340,"2015-05-22 02:43:33.715619","assumptive_dependency","2015-05-22 02:43:33.715619",NULL,10229,NULL
687,673,1339,"2015-05-22 02:45:34.399805","assumptive_dependency","2015-05-22 02:45:34.399805",NULL,10229,NULL
688,1357,673,"2015-05-22 02:47:03.752711","assumptive_dependency","2015-05-22 02:47:03.752711",NULL,10229,NULL
689,673,1333,"2015-05-22 02:54:11.618566","assumptive_dependency","2015-05-22 02:54:11.618566",NULL,10229,NULL
690,1365,1363,"2015-05-22 10:57:00.35539","assumptive_dependency","2015-05-22 10:57:00.35539",NULL,1019,NULL
691,1368,1365,"2015-05-22 11:08:47.411509","assumptive_dependency","2015-05-22 11:08:47.411509",NULL,45,NULL
692,1366,1373,"2015-05-22 11:13:04.569346","assumptive_dependency","2015-05-22 11:13:04.569346",NULL,45,NULL
693,1364,1366,"2015-05-22 11:14:09.137205","assumptive_dependency","2015-05-22 11:14:09.137205",NULL,45,NULL
694,1372,1373,"2015-05-22 11:14:57.575148","assumptive_dependency","2015-05-22 11:14:57.575148",NULL,45,NULL
695,1373,1363,"2015-05-22 11:15:08.849432","assumptive_dependency","2015-05-22 11:15:08.849432",NULL,1019,NULL
696,1366,1372,"2015-05-22 11:15:34.590329","assumptive_dependency","2015-05-22 11:15:34.590329",NULL,45,NULL
697,1364,1372,"2015-05-22 11:18:33.940859","assumptive_dependency","2015-05-22 11:18:33.940859",NULL,45,NULL
698,1364,1373,"2015-05-22 11:19:05.940877","assumptive_dependency","2015-05-22 11:19:05.940877",NULL,45,NULL
699,1365,1373,"2015-05-22 11:31:31.969782","assumptive_dependency","2015-05-22 11:31:31.969782",NULL,1019,NULL
700,1368,1361,"2015-05-22 11:31:57.812877","assumptive_dependency","2015-05-22 11:31:57.812877",NULL,45,NULL
701,1384,1368,"2015-05-22 12:18:53.582961","assumptive_dependency","2015-05-22 12:18:53.582961",NULL,45,NULL
702,1384,1365,"2015-05-22 12:19:26.647793","assumptive_dependency","2015-05-22 12:19:26.647793",NULL,45,NULL
703,1385,1368,"2015-05-22 12:20:02.152653","assumptive_dependency","2015-05-22 12:20:02.152653",NULL,45,NULL
704,1385,1365,"2015-05-22 12:20:58.470371","assumptive_dependency","2015-05-22 12:20:58.470371",NULL,45,NULL
705,974,979,"2015-05-22 12:25:23.469341","assumptive_dependency","2015-05-22 12:25:23.469341",NULL,10077,NULL
706,1385,1384,"2015-05-22 12:26:15.858945","assumptive_dependency","2015-05-22 12:26:15.858945",NULL,45,NULL
707,1361,1366,"2015-05-22 12:36:09.492816","assumptive_dependency","2015-05-22 12:36:09.492816",NULL,45,NULL
708,1368,1366,"2015-05-22 12:36:10.913221","assumptive_dependency","2015-05-22 12:36:10.913221",NULL,10077,NULL
709,1385,1364,"2015-05-22 12:37:25.219313","assumptive_dependency","2015-05-22 12:37:25.219313",NULL,10077,NULL
710,1384,1372,"2015-05-22 12:38:12.899052","assumptive_dependency","2015-05-22 12:38:12.899052",NULL,45,NULL
711,984,974,"2015-05-22 13:45:40.402684","assumptive_dependency","2015-05-22 13:45:40.402684",NULL,10077,NULL
712,1376,1384,"2015-05-22 13:58:38.593549","assumptive_dependency","2015-05-22 13:58:38.593549",NULL,1025,NULL
713,1369,1384,"2015-05-22 13:59:03.223299","assumptive_dependency","2015-05-22 13:59:03.223299",NULL,1025,NULL
714,1378,1385,"2015-05-22 14:04:40.807776","assumptive_dependency","2015-05-22 14:04:40.807776",NULL,1025,NULL
715,1378,1364,"2015-05-22 14:05:20.230133","assumptive_dependency","2015-05-22 14:05:20.230133",NULL,1025,NULL
716,1376,1372,"2015-05-22 14:06:07.539338","assumptive_dependency","2015-05-22 14:06:07.539338",NULL,1025,NULL
717,1370,1385,"2015-05-22 14:07:11.018572","assumptive_dependency","2015-05-22 14:07:11.018572",NULL,1025,NULL
718,1379,1385,"2015-05-22 14:08:42.978768","assumptive_dependency","2015-05-22 14:08:42.978768",NULL,1025,NULL
719,1379,1364,"2015-05-22 14:09:21.324132","assumptive_dependency","2015-05-22 14:09:21.324132",NULL,1025,NULL
720,1359,1385,"2015-05-22 14:09:58.140928","assumptive_dependency","2015-05-22 14:09:58.140928",NULL,1025,NULL
721,1359,1364,"2015-05-22 14:10:22.982338","assumptive_dependency","2015-05-22 14:10:22.982338",NULL,1025,NULL
722,1377,1368,"2015-05-22 14:11:03.279667","assumptive_dependency","2015-05-22 14:11:03.279667",NULL,1025,NULL
723,1377,1366,"2015-05-22 14:11:26.756954","assumptive_dependency","2015-05-22 14:11:26.756954",NULL,1025,NULL
724,1374,1368,"2015-05-22 14:12:34.385993","assumptive_dependency","2015-05-22 14:12:34.385993",NULL,1025,NULL
725,1374,1366,"2015-05-22 14:12:54.543278","assumptive_dependency","2015-05-22 14:12:54.543278",NULL,1025,NULL
726,1362,1368,"2015-05-22 14:17:12.115781","assumptive_dependency","2015-05-22 14:17:12.115781",NULL,1025,NULL
727,1362,1366,"2015-05-22 14:17:39.472536","assumptive_dependency","2015-05-22 14:17:39.472536",NULL,1025,NULL
728,1385,1366,"2015-05-22 14:19:03.904855","assumptive_dependency","2015-05-22 14:19:03.904855",NULL,1025,NULL
729,1371,1384,"2015-05-22 14:21:21.729328","assumptive_dependency","2015-05-22 14:21:21.729328",NULL,1025,NULL
730,1371,1372,"2015-05-22 14:21:46.253312","assumptive_dependency","2015-05-22 14:21:46.253312",NULL,1025,NULL
731,1370,1364,"2015-05-22 14:22:11.185154","assumptive_dependency","2015-05-22 14:22:11.185154",NULL,45,NULL
738,1380,1365,"2015-05-22 14:25:59.717214","assumptive_dependency","2015-05-22 14:25:59.717214",NULL,1025,NULL
732,1383,1372,"2015-05-22 14:22:13.990886","assumptive_dependency","2015-05-22 14:22:13.990886",NULL,1025,NULL
733,1383,1384,"2015-05-22 14:22:33.878025","assumptive_dependency","2015-05-22 14:22:33.878025",NULL,1025,NULL
735,1384,1364,"2015-05-22 14:23:59.553997","assumptive_dependency","2015-05-22 14:23:59.553997",NULL,1025,NULL
734,1369,1372,"2015-05-22 14:23:09.425352","assumptive_dependency","2015-05-22 14:23:09.425352",NULL,1025,NULL
736,1385,1372,"2015-05-22 14:24:33.606803","assumptive_dependency","2015-05-22 14:24:33.606803",NULL,1025,NULL
739,1380,1373,"2015-05-22 14:26:26.540481","assumptive_dependency","2015-05-22 14:26:26.540481",NULL,1025,NULL
741,1360,1373,"2015-05-22 14:27:25.544097","assumptive_dependency","2015-05-22 14:27:25.544097",NULL,1025,NULL
743,1367,1373,"2015-05-22 14:28:20.024878","assumptive_dependency","2015-05-22 14:28:20.024878",NULL,1025,NULL
745,964,974,"2015-05-22 15:22:24.414605","assumptive_dependency","2015-05-22 15:22:24.414605",NULL,10077,NULL
737,1368,1363,"2015-05-22 14:25:25.071199","assumptive_dependency","2015-05-22 14:25:25.071199",NULL,1025,NULL
740,1360,1365,"2015-05-22 14:27:03.123754","assumptive_dependency","2015-05-22 14:27:03.123754",NULL,1025,NULL
742,1367,1365,"2015-05-22 14:28:00.972697","assumptive_dependency","2015-05-22 14:28:00.972697",NULL,1025,NULL
747,959,974,"2015-05-23 08:44:54.330895","assumptive_dependency","2015-05-23 08:44:54.330895",NULL,10077,NULL
744,1228,1365,"2015-05-22 14:34:03.329374","assumptive_dependency","2015-05-22 14:34:03.329374",NULL,45,NULL
746,1019,1017,"2015-05-23 08:32:35.999226","assumptive_dependency","2015-05-23 08:32:35.999226",NULL,10077,NULL
748,673,1336,"2015-05-24 12:56:46.531793","assumptive_dependency","2015-05-24 12:56:46.531793",NULL,10229,NULL
749,1336,1317,"2015-05-24 13:01:00.759132","assumptive_dependency","2015-05-24 13:01:00.759132",NULL,10229,NULL
750,1357,1336,"2015-05-24 13:04:56.197973","assumptive_dependency","2015-05-24 13:04:56.197973",NULL,10229,NULL
751,1353,1336,"2015-05-24 13:06:29.635665","assumptive_dependency","2015-05-24 13:06:29.635665",NULL,10229,NULL
752,1328,1329,"2015-05-26 00:10:35.693148","assumptive_dependency","2015-05-26 00:10:35.693148",NULL,10260,NULL
753,327,1229,"2015-05-28 05:31:05.092753","assumptive_dependency","2015-05-28 05:31:05.092753",NULL,10077,NULL
754,1202,1169,"2015-06-01 00:53:09.384091","assumptive_dependency","2015-06-01 00:53:09.384091",NULL,10513,NULL
